member_id,status,sex,date_of_birth,date_joined,date_left,date_retired,salary,pensionable_service,deferred_pension_at_exit,pension_in_payment
M0001,P,F,1956-07-27,1983-10-23,,2021-07-27,,37.7604,,18900.46
M0002,D,M,1971-08-29,2007-10-27,2021-01-04,,,13.191,14748.09,
M0003,D,F,1966-01-05,1999-05-29,2016-01-09,,,16.616,4800.83,
M0004,A,F,1967-09-27,2011-08-05,,,41579.0,14.4066,,
M0005,P,F,1949-01-19,1990-06-20,,2014-01-19,,23.5838,,25574.81
M0006,P,F,1944-01-09,1981-11-25,,2009-01-09,,27.1239,,20853.98
M0007,D,M,1982-07-30,2006-05-11,2011-01-14,,,4.679,3618.52,
M0008,P,F,1957-04-13,1994-04-03,,2022-04-13,,28.0274,,13804.98
M0009,A,F,1968-04-30,2012-06-17,,,62904.0,13.5387,,
M0010,D,M,1969-09-16,1995-04-24,2000-12-28,,,5.681,10293.96,
M0011,P,F,1955-11-08,1999-05-11,,2020-11-08,,21.4976,,45945.0
M0012,P,M,1950-01-18,1996-11-05,,2015-01-18,,18.2012,,12674.42
M0013,A,M,1982-10-02,2004-10-01,,,81469.0,33.3979,,
M0014,P,F,1954-12-08,1998-03-08,,2019-12-08,,21.7522,,13636.33
M0015,D,F,1976-08-02,2000-11-30,2023-06-04,,,22.5079,5295.77,
M0016,P,M,1957-03-19,1991-12-15,,2022-03-19,,30.2587,,10830.01
M0017,P,M,1953-11-26,1997-03-07,,2018-11-26,,21.7221,,20331.03
M0018,P,M,1958-06-19,1992-09-06,,2023-06-19,,30.7817,,22339.85
M0019,P,M,1936-12-31,1975-12-25,,2001-12-31,,26.0178,,12998.39
M0020,D,M,1984-03-20,2007-11-11,2024-06-27,,,16.627,9141.23,
M0021,D,F,1975-09-16,2003-10-28,2020-07-20,,,16.7283,3866.4,
M0022,A,F,1984-12-04,2006-12-05,,,55470.0,19.0719,,
M0023,P,F,1955-05-08,1999-09-25,,2020-05-08,,20.6188,,8804.32
M0024,D,F,1980-11-18,2010-01-29,2020-02-04,,,10.0151,5822.55,
M0025,A,M,1977-03-29,2004-01-29,,,61416.0,21.922,,
M0026,P,F,1959-07-26,2006-08-14,,2024-07-26,,17.9493,,24224.08
M0027,P,M,1957-05-16,2012-03-04,,2022-05-16,,10.1985,,19252.15
M0028,P,M,1948-08-22,1985-04-21,,2013-08-22,,28.3368,,14577.06
M0029,A,M,1968-05-23,2004-04-01,,,62347.0,21.7495,,
M0030,A,F,1970-09-10,1992-09-09,,,85537.0,33.3087,,
M0031,P,M,1951-02-24,1979-09-09,,2016-02-24,,36.46,,12199.18
M0032,P,M,1959-08-17,2012-10-24,,2024-08-17,,11.8138,,19522.05
M0034,A,M,1977-12-17,1999-12-18,,,53897.0,26.037,,
M0035,D,M,1982-05-31,2005-06-10,2007-10-25,,,2.3737,11068.31,
M0036,P,M,1959-02-13,1986-10-19,,2024-02-13,,37.3196,,24286.37
M0037,D,F,1961-02-01,1991-11-26,2003-03-11,,,11.2882,8560.95,
M0038,A,F,1970-04-04,1995-01-11,,,79587.0,30.9706,,
M0039,P,M,1955-10-17,1983-08-29,,2020-10-17,,37.1362,,15369.77
M0040,A,M,1977-09-02,1999-09-03,,,68418.0,26.3272,,
M0041,A,M,1979-07-22,2001-07-21,,,66537.0,24.4463,,
M0042,D,F,1962-06-21,2001-08-17,2005-04-24,,,3.6851,6249.27,
M0043,P,F,1951-05-04,1994-07-03,,2016-05-04,,21.8371,,24753.81
M0044,P,M,1955-11-06,1986-01-21,,2020-11-06,,34.7926,,10220.11
M0045,A,M,1984-12-27,2006-12-27,,,96818.0,19.0116,,
M0046,A,F,1973-09-14,2011-05-02,,,47869.0,14.6667,,
M0047,A,M,1974-08-19,1999-06-20,,,116147.0,26.5325,,
M0048,A,M,1978-10-07,2000-10-07,,,126692.0,25.232,,
M0049,P,M,1954-06-27,1999-09-23,,2019-06-27,,19.7591,,14473.88
M0050,A,M,1975-07-11,2006-05-15,,,41000.0,19.6304,,
M0051,A,F,1967-06-09,2004-10-03,,,47584.0,21.243,,
M0052,P,F,1951-09-08,1983-09-13,,2016-09-08,,32.9884,,21393.75
M0053,A,M,1964-09-03,1993-06-07,,,103520.0,32.5667,,
M0054,A,F,1978-03-30,2001-09-19,,,64218.0,24.282,,
M0055,P,M,1952-09-27,2005-04-30,,2017-09-27,,12.4107,,26632.45
M0056,A,F,1973-06-15,1995-12-08,,,72554.0,30.0643,,
M0057,A,M,1974-07-27,1999-10-23,,,41432.0,26.1903,,
M0058,P,M,1958-06-03,2004-10-11,,2023-06-03,,18.642,,14191.42
M0059,A,M,1976-01-13,1998-01-12,,,118042.0,27.9671,,
M0060,D,F,1970-02-04,2004-08-30,2009-04-08,,,4.6051,2732.49,
M0061,P,F,1945-10-29,1984-08-29,,2010-10-29,,26.1656,,12062.99
M0062,P,M,1958-11-23,2003-09-07,,2023-11-23,,20.2108,,8168.0
M0063,D,M,1986-12-23,2010-03-24,2019-01-26,,,8.8433,2262.14,
M0064,P,M,1958-03-20,1998-12-31,,2023-03-20,,24.2163,,15322.24
M0065,D,F,1966-08-03,1991-06-12,2000-09-15,,,9.2621,5221.46,
M0066,P,M,1935-03-14,1962-02-19,,2000-03-14,,38.0643,,13703.98
M0067,A,F,1985-02-02,2007-02-03,,,79815.0,18.9076,,
M0068,A,F,1975-08-10,2005-05-24,,,93981.0,20.6051,,
M0069,P,M,1946-04-05,1989-12-10,,2011-04-05,,21.3169,,22228.16
M0070,P,M,1949-09-20,2003-12-31,,2014-09-20,,10.7214,,24815.97
M0071,D,M,1969-12-08,2001-04-18,2006-11-21,,,5.5934,20000.0,
M0072,P,M,1959-09-17,1990-04-16,,2024-09-17,,34.423,,9787.63
M0073,D,F,1977-04-05,2005-06-29,2015-12-06,,,10.4367,3600.73,
M0074,P,M,1959-06-28,2002-08-17,,2024-06-28,,21.8645,,14929.36
M0075,D,F,1976-05-10,2000-06-09,2012-03-10,,,11.7509,6493.43,
M0076,A,M,1979-01-27,2001-01-27,,,79437.0,24.9254,,
M0077,D,M,1974-04-08,2000-03-29,2020-05-14,,,20.1259,11192.78,
M0078,P,M,1957-10-19,2001-07-07,,2022-10-19,,21.2841,,22243.99
M0079,P,M,1948-09-03,1987-07-06,,2013-09-03,,26.1629,,8168.0
M0080,A,M,1975-10-20,2012-10-16,,,61545.0,13.2074,,
M0081,P,F,1960-02-24,1994-01-01,2019-12-18,2025-02-24,,25.9603,,7289.78
M0082,P,F,1951-12-06,1984-07-11,,2016-12-06,,32.4052,,26218.57
M0083,D,M,1964-05-16,1995-08-13,2023-07-30,,,27.9617,16209.35,
M0084,P,M,1949-10-10,1992-05-21,,2014-10-10,,22.3874,,11451.09
M0085,A,F,1962-12-21,2007-06-18,,,64200.0,18.538,,
M0086,A,M,1989-10-08,2011-10-08,,,74758.0,14.2313,,
M0087,A,M,1976-04-14,2008-01-27,,,70230.0,17.9274,,
M0088,A,F,1988-04-14,2010-04-15,,,68565.0,15.7125,,
M0089,A,F,1984-10-15,2006-10-16,,,50515.0,19.2088,,
M0090,D,F,1978-11-14,2003-10-23,2021-10-04,,,17.9493,20000.0,
M0091,A,M,1986-02-05,2008-02-05,,,54365.0,17.9028,,
M0092,D,F,1975-01-23,2002-04-30,2004-09-05,,,2.3518,6055.88,
M0093,A,M,1971-11-22,2005-04-18,,2025-11-09,61157.0,20.7036,,
M0094,A,M,1973-12-25,1995-12-26,,,1014730.0,30.0151,,
M0095,D,M,1980-05-04,2006-01-17,2009-04-11,,,3.2307,4015.72,
M0096,P,M,1953-08-20,1987-08-24,,2018-08-20,,30.9897,,8559.74
M0097,P,M,1944-09-27,1981-01-22,,2009-09-27,,28.679,,15250.83
M0098,D,M,1962-08-23,2000-12-20,2015-02-10,,,14.141,4811.95,
M0099,P,M,1952-06-27,1980-09-24,,2017-06-27,,36.7556,,14612.75
M0100,D,F,1981-05-11,2005-12-08,2008-06-13,,,2.5133,9534.6,
M0101,A,M,1977-02-16,1999-02-16,,,101586.0,26.872,,
M0102,A,F,1978-09-23,2011-04-06,,,68552.0,14.7379,,
M0103,D,F,1976-04-09,2006-05-16,2018-07-24,,,12.1889,4096.77,
M0104,P,F,1954-09-16,2002-10-01,,2019-09-16,,16.9582,,21337.78
M0105,A,M,1967-07-20,2001-10-26,,,90649.0,24.1807,,
M0106,P,M,1958-08-02,2002-11-13,,2023-08-02,,20.7173,,18169.61
M0107,D,M,1963-07-19,1998-05-20,2020-03-28,,,21.8563,20000.0,
M0108,A,M,1972-06-28,1994-06-29,,,45365.0,31.5072,,
M0109,A,M,1971-02-09,2003-04-01,,,57475.0,22.7515,,
M0110,P,M,1960-07-25,1996-11-21,2006-09-23,2025-07-25,,9.8371,,3886.07
M0111,A,M,1973-09-06,2001-03-16,,,106004.0,24.794,,
M0112,D,M,1981-06-21,2011-01-24,2014-12-16,,,3.8932,7851.07,
M0113,D,M,1966-10-04,2002-08-02,2024-08-27,,,22.0698,3456.68,
M0114,P,F,1959-09-13,1997-07-07,,2024-09-13,,27.1869,,17066.49
M0115,D,F,1988-06-16,2012-05-19,2017-01-11,,,4.6489,7381.26,
M0116,A,M,1978-07-20,2000-07-19,,,56721.0,25.4511,,
M0117,A,F,1969-03-14,2010-01-15,,,68899.0,15.9589,,
M0118,P,F,1956-03-03,1987-02-08,,2021-03-03,,34.0643,,28232.43
M0119,P,F,1947-11-29,1982-05-26,,2012-11-29,,30.5133,,33160.76
M0120,P,M,1960-09-09,1998-05-21,2012-07-23,2025-09-09,,14.1739,,22830.09
M0121,D,M,1988-11-01,2010-12-27,2024-12-04,,,13.9384,4428.64,
M0122,D,M,1978-01-20,2005-06-29,2016-09-07,,,11.1923,4746.05,
M0123,D,M,1972-10-25,2002-05-10,2018-05-31,,,16.0575,5706.12,
M0124,P,F,1945-12-14,1999-03-13,,2010-12-14,,11.7563,,15661.51
M0125,A,M,1966-03-25,2001-07-31,,,57931.0,24.4189,,
M0126,A,M,1982-11-30,2006-10-28,,,57051.0,19.1759,,
M0127,P,M,1954-08-18,1983-03-08,,2019-08-18,,36.4463,,9334.82
M0128,P,M,1958-06-23,2006-11-11,,2023-06-23,,16.6133,,14460.98
M0129,P,F,1951-01-21,1999-02-07,,2016-01-21,,16.9528,,9141.85
M0130,D,M,1972-06-04,2007-09-18,2016-07-15,,,8.8241,16388.23,
M0131,D,M,1968-06-04,1995-07-07,2003-04-18,,,7.781,4846.65,
M0132,D,F,1983-12-04,2010-05-26,2023-02-17,,,12.731,11286.14,
M0133,D,M,1977-02-26,1999-11-02,2004-10-25,,,4.9802,5649.46,
M0134,D,M,1968-11-05,1997-12-25,2001-10-03,,,3.7728,9833.19,
M0135,P,M,1946-05-18,1991-02-19,,2011-05-18,,20.2409,,16659.78
M0136,P,M,1957-12-27,1996-06-29,,2022-12-27,,26.4942,,14891.26
M0137,P,M,1947-09-16,1995-09-05,,2012-09-16,,17.0322,,23844.41
M0138,P,F,1952-01-17,1987-09-06,,2017-01-17,,29.3662,,22981.21
M0139,A,M,1977-01-21,2000-12-02,,,43001.0,25.0787,,
M0140,A,F,1964-07-06,1997-01-19,,,66359.0,28.9473,,
M0141,P,M,1956-07-01,1982-07-04,,2021-07-01,,38.9925,,12403.72
M0142,A,F,1975-08-13,2001-07-10,,,61326.0,24.4764,,
M0143,D,F,1982-11-22,2005-02-28,2011-06-06,,,6.2669,6529.63,
M0144,A,M,1971-11-14,2010-12-18,,,92911.0,15.0363,,
M0145,P,M,1956-11-28,1987-02-01,,2021-11-28,,34.8227,,23229.47
M0146,D,M,1987-01-19,2009-07-01,2017-11-28,,,8.4107,3304.84,
M0147,P,M,1952-03-13,1997-02-09,,2017-03-13,,20.0876,,8168.0
M0148,D,M,1983-02-15,2009-08-27,2023-02-19,,,13.4812,7708.13,
M0149,P,F,1958-09-06,2000-06-21,,2023-09-06,,23.2088,,28597.79
M0150,P,M,1959-09-24,2011-10-21,,2024-09-24,,12.9281,,34774.22
M0151,P,M,1958-07-16,1987-07-07,,2023-07-16,,36.0246,,12642.27
M0153,P,M,1958-10-12,2003-03-27,,2023-10-12,,20.5448,,18172.03
M0154,D,M,1971-12-16,2001-01-08,2004-05-24,,,3.373,9399.07,
M0155,D,M,1979-05-11,2002-04-17,2019-09-08,,,17.3936,13561.25,
M0156,A,M,1968-12-03,1996-07-20,,,89858.0,29.4483,,
M0157,A,F,1983-06-28,2005-06-28,,,99741.0,20.5092,,
M0158,A,F,1965-02-10,1991-03-23,,,59087.0,34.7762,,
M0159,D,F,1969-11-02,1998-11-18,2002-06-19,,,3.5838,4440.87,
M0160,A,M,1970-02-25,2000-01-13,,,56091.0,25.9658,,
M0161,P,M,1960-01-04,2012-01-08,,2025-01-04,,12.9911,,8887.34
M0162,A,M,1989-12-31,2012-01-01,,,97958.0,13.9986,,
M0163,A,M,1965-03-08,1991-05-18,,,49249.0,34.6229,,
M0164,P,F,1958-09-20,1997-10-30,,2023-09-20,,25.8891,,14922.46
M0165,A,M,1984-01-10,2006-01-09,,,91613.0,19.9754,,
M0166,A,M,1971-08-13,2010-07-17,,,71484.0,15.4579,,
M0167,D,M,1966-04-13,1994-03-06,2011-05-03,,,17.1581,11404.94,
M0168,P,M,1950-03-06,1980-03-29,,2015-03-06,,34.935,,33285.53
M0169,A,F,1963-04-24,1994-02-12,,,61360.0,31.8823,,
M0170,P,M,1937-09-08,1970-10-09,,2002-09-08,,31.9151,,23955.79
M0171,D,M,1987-07-07,2012-04-11,2019-01-24,,,6.7871,4743.53,
M0172,A,M,1970-05-07,2010-10-14,,,88111.0,15.2142,,
M0173,A,M,1979-11-28,2001-11-28,,,91834.0,24.0903,,
M0174,P,M,1940-08-02,1986-11-21,,2005-08-02,,18.6968,,12549.02
M0175,D,M,1982-04-05,2005-06-03,2024-11-08,,,19.4333,12332.65,
M0176,A,M,1976-02-04,2004-06-28,,,66730.0,21.5086,,
M0177,P,M,,1983-08-11,,2019-11-26,,36.293,,17823.05
M0178,A,F,1978-03-03,2001-06-17,,,47558.0,24.5394,,
M0180,P,M,1958-03-07,1987-02-23,,2023-03-07,,36.0329,,14040.13
M0181,A,M,1977-09-19,1999-09-20,,,80371.0,26.2806,,
M0182,D,M,1971-11-09,1993-12-23,2001-07-18,,,7.5674,5238.62,
M0183,P,M,1929-12-31,1969-02-02,,1994-12-31,,25.9083,,0.0
M0184,A,M,1972-08-06,1994-08-07,,,42758.0,31.4004,,
M0185,P,F,1958-11-07,1987-02-03,,2023-11-07,,36.7584,,17545.97
M0186,P,M,1945-11-24,1997-08-30,,2010-11-24,,13.2348,,15548.64
M0187,P,M,1954-12-03,1983-03-31,,2019-12-03,,36.6762,,14344.43
M0188,P,M,1958-04-22,1999-06-27,,2023-04-22,,23.8193,,8168.0
M0189,P,M,1955-05-07,1995-02-20,,2020-05-07,,25.2101,,17356.24
M0190,D,M,1976-06-24,2008-08-03,2011-07-28,,,2.9815,3346.95,
M0191,D,F,1973-07-26,2000-12-07,2024-03-06,,,23.2444,6321.95,
M0192,P,M,1955-05-14,1993-11-30,,2020-05-14,,26.4531,,28920.77
M0193,P,F,1958-01-26,1990-05-10,,2023-01-26,,32.7146,,22257.45
M0194,A,M,1963-12-13,1994-05-28,,,106635.0,31.5948,,
M0195,P,M,1957-09-23,1995-03-21,,2022-09-23,,27.5099,,11323.27
M0196,A,M,1968-11-02,2008-12-01,,,66723.0,17.0815,,
M0197,A,M,1977-08-13,2000-05-18,,,60975.0,25.6208,,
M0198,D,M,1974-02-18,2001-03-10,2013-05-25,,,12.2081,6802.84,
M0199,P,M,1956-05-30,2003-09-08,,2021-05-30,,17.7248,,24423.85
M0200,P,F,1954-06-27,1993-12-10,,2019-06-27,,25.5441,,12574.33
M0201,A,F,1973-11-14,2010-01-20,,,79069.0,15.9452,,
M0202,D,M,1969-01-17,1998-08-18,2021-12-04,,,23.2964,6074.87,
M0203,A,M,1972-04-20,2008-12-07,,,97014.0,17.065,,
M0204,A,F,1974-06-24,1996-06-23,,,81403.0,29.5222,,
M0205,A,M,1967-01-25,1996-03-31,,,119529.0,29.7522,,
M0206,P,M,1955-06-02,1986-08-10,,2020-06-02,,33.8125,,33721.76
M0207,A,M,1974-12-09,2005-05-12,,,50749.0,20.6379,,
M0208,P,M,1951-03-06,1976-10-08,,2016-03-06,,39.4086,,27372.15
M0209,D,F,1974-12-17,1997-12-08,2003-10-28,,,5.8864,10171.67,
M0210,D,M,1962-05-15,1986-04-24,2019-04-29,,,33.013,3620.92,
M0211,A,M,1974-08-26,1996-08-26,,,49253.0,29.347,,
M0212,P,M,1948-11-10,2002-03-30,,2013-11-10,,11.6167,,22832.19
M0213,P,F,1959-08-14,2001-08-27,,2024-08-14,,22.9651,,16545.04
M0214,P,M,1953-06-08,1999-03-26,,2018-06-08,,19.2033,,23862.5
M0215,D,F,1982-12-05,2006-11-23,2010-07-22,,,3.6605,3696.84,
M0216,P,M,1956-05-22,1994-08-23,,2021-05-22,,26.7461,,17285.59
M0217,A,M,1976-09-02,1998-09-02,,2025-08-26,66826.0,27.3292,,
M0218,A,F,1968-10-10,2005-04-05,,,126181.0,20.7392,,
M0219,P,M,1958-02-06,1992-11-17,,2023-02-06,,30.2204,,43965.53
M0220,P,M,1955-06-01,1992-03-29,,2020-06-01,,28.1752,,40966.96
M0221,D,F,1974-10-31,1999-09-04,2013-07-31,,,13.9055,5443.64,
M0222,D,M,1985-04-25,2008-02-29,2023-08-02,,,15.4223,6792.68,
M0223,D,M,1966-12-07,2011-07-15,2013-11-25,,,2.3655,5411.86,
M0224,A,M,1970-04-15,1995-03-30,,,64409.0,30.757,,
M0225,D,M,1969-04-11,2002-07-17,2013-07-29,,,11.0335,4126.12,
M0226,P,F,1944-10-19,1987-08-13,,2009-10-19,,22.1848,,16093.03
M0227,D,F,1972-05-17,1999-01-12,2023-04-17,,,24.2601,2000.0,
M0228,D,F,1968-02-03,2008-03-06,2017-05-16,,,9.1937,10735.53,
M0229,A,M,1961-09-03,2007-12-27,,,50526.0,18.0123,,
M0230,P,M,1957-12-19,2009-03-01,,2022-12-19,,13.8015,,45945.0
M0231,P,M,1958-06-10,1990-09-14,,2023-06-10,,32.7365,,19075.36
M0232,P,F,1949-05-09,1993-02-08,,2014-05-09,,21.2457,,12045.04
M0233,A,M,1968-02-03,2001-04-01,,,124432.0,24.7502,,
M0234,D,M,1978-08-20,2001-06-26,2005-07-08,,,4.0329,2340.78,
M0235,D,M,1971-09-23,2009-06-20,2019-01-25,,,9.5989,3549.3,
M0236,P,M,1940-08-10,1970-02-02,,2005-08-10,,35.5181,,16379.4
M0237,D,M,1981-02-24,2005-06-24,2010-04-12,,,4.7995,3647.81,
M0238,P,M,1953-06-19,1997-11-15,,2018-06-19,,20.5914,,19159.97
M0239,D,M,1976-04-17,2001-11-14,2004-06-09,,,2.5681,4676.96,
M0240,P,M,1957-10-20,2012-08-06,,2022-10-20,,10.204,,15808.85
M0241,P,F,1955-04-28,2004-03-29,,2020-04-28,,16.0821,,13211.11
M0242,P,M,1947-12-07,1974-02-21,,2012-12-07,,38.7926,,10683.82
M0243,D,M,1970-03-15,1997-09-08,2013-04-16,,,15.603,4702.96,
M0244,D,M,1989-02-12,2011-09-24,2022-02-18,,,10.4038,3975.95,
M0245,D,F,1973-01-27,2001-01-18,2008-03-01,,,7.1157,12077.73,
M0246,P,M,1959-01-19,2002-01-09,,2024-01-19,,22.026,,16121.53
M0247,D,M,1987-11-08,2010-07-15,2020-03-26,,,9.6975,7506.43,
M0248,A,M,1974-01-01,2007-11-09,,,71653.0,18.1437,,
M0249,A,M,1983-10-26,2005-10-25,,,51801.0,20.1834,,
M0250,A,F,1966-12-14,2008-05-17,,,70795.0,17.6235,,
M0251,P,M,1953-04-02,2007-09-03,,2018-04-02,,10.5791,,18240.97
M0252,A,F,1970-10-13,1996-05-12,,,95186.0,29.6372,,
M0253,P,F,1947-05-25,1994-07-04,,2012-05-25,,17.8919,,17139.6
M0254,P,F,1955-10-04,1984-08-12,,2020-10-04,,36.1451,,45945.0
M0255,P,M,1954-03-15,2008-02-20,,2019-03-15,,11.0637,,15865.86
M0256,P,F,1953-06-25,2002-06-28,,2018-06-25,,15.9918,,45945.0
M0257,P,F,1937-07-02,1973-07-10,,2002-07-02,,28.9774,,22604.94
M0258,P,F,1955-06-26,1986-07-04,,2020-06-26,,33.9795,,20545.63
M0259,P,F,1958-07-22,1984-02-16,,2023-07-22,,39.4278,,37237.94
M0260,P,M,1959-07-19,1995-08-26,,2024-07-19,,28.898,,13719.69
M0261,D,M,1978-03-28,2005-04-18,2017-08-11,,,12.3149,14756.33,
M0262,D,F,1976-06-14,1999-01-24,2003-04-21,,,4.2382,5786.4,
M0263,D,F,1989-07-11,2012-03-12,2017-07-16,,,5.3443,6766.17,
M0264,D,M,1985-12-12,2012-04-30,2019-03-13,,,6.8665,5422.2,
M0265,A,F,1983-12-28,2005-12-28,,,79617.0,20.0082,,
M0266,A,F,1961-05-03,2012-12-26,,,77080.0,13.013,,
M0267,P,M,1945-12-24,1996-08-12,,2010-12-24,,14.3655,,20328.52
M0268,D,M,1965-03-26,1990-06-28,2000-06-24,,,9.9904,13902.68,
M0269,D,M,1970-04-29,1997-10-11,2006-05-22,,,8.6105,20000.0,
M0270,D,M,1974-12-02,1998-02-13,2008-03-16,,,10.0862,5866.78,
M0271,A,M,1970-04-30,2008-04-19,,,70388.0,17.7002,,
M0272,D,M,1969-08-22,1992-01-11,2007-03-12,,,15.165,4043.15,
M0273,P,M,1959-03-29,2012-12-07,,2024-03-29,,11.3073,,15304.24
M0274,D,F,1962-06-26,1997-06-09,2001-04-07,,,3.8275,7159.77,
M0275,P,M,1945-08-16,1983-03-14,,2010-08-16,,27.4251,,20075.51
M0276,P,F,1929-12-31,1973-01-12,,1994-12-31,,21.9658,,13320.06
M0277,P,M,1946-11-05,1987-09-27,,2011-11-05,,24.1068,,28371.98
M0278,D,M,1987-02-06,2009-09-21,2024-09-02,,,14.9487,12699.48,
M0279,P,F,1957-07-07,1985-10-20,,2022-07-07,,36.7118,,15698.3
M0280,D,F,1973-01-11,2009-05-25,2016-01-18,,,6.6502,7081.09,
M0281,P,F,1958-01-14,1984-03-09,,2023-01-14,,38.8501,,22595.19
M0282,P,M,1929-12-31,1967-08-27,,1994-12-31,,27.3457,,13465.09
M0283,D,M,1983-01-03,2008-09-11,2023-01-15,,,14.3436,6190.15,
M0284,A,F,1970-01-22,2005-06-20,,,57304.0,20.5311,,
M0285,A,F,1981-03-03,2006-09-21,,,68958.0,19.2772,,
M0286,D,M,1966-01-08,2011-03-29,2021-01-08,,,9.7823,5978.54,
M0287,P,F,1948-11-16,1980-09-27,,2013-11-16,,33.1362,,33337.57
M0288,D,M,1978-02-05,2001-03-24,2006-11-07,,,5.6235,6969.14,
M0289,P,F,1949-12-16,1985-12-26,,2014-12-16,,28.9719,,21398.33
M0290,A,M,1966-09-12,2012-02-14,,,66770.0,13.8782,,
M0291,D,M,1985-06-09,2009-06-10,2020-02-28,,,10.7187,4031.34,
M0292,D,M,1980-06-04,2002-06-04,2025-07-01,,,23.0746,17487.32,
M0293,A,F,1970-03-13,1993-10-13,,,47888.0,32.2163,,
M0294,P,M,1954-11-13,1997-10-01,,2019-11-13,,22.1164,,35857.8
M0295,A,M,1989-04-28,2011-04-28,,,57403.0,14.6776,,
M0296,P,F,1954-09-19,1985-10-10,,2019-09-19,,33.9411,,20803.77
M0297,A,F,1980-04-07,2002-04-08,,,125603.0,23.7317,,
M0298,P,F,1940-02-10,1978-05-18,,2005-02-10,,26.7351,,8168.0
M0299,P,F,1956-07-04,2000-04-10,,2021-07-04,,21.232,,12458.57
M0300,P,F,1956-06-15,1994-05-07,,2021-06-15,,27.1075,,32541.52
M0301,P,F,1937-03-03,1971-12-14,,2002-03-03,,30.2177,,12334.52
M0302,P,M,1953-04-22,1984-07-12,,2018-04-22,,33.7769,,18610.4
M0303,P,M,1954-09-23,2000-05-08,,2019-09-23,,19.3758,,11942.27
M0304,D,F,1962-05-17,2000-10-09,2008-03-11,,,7.4196,2794.96,
M0305,P,M,1956-10-03,2000-12-01,,2021-10-03,,20.8378,,11317.18
M0306,P,F,1945-09-03,1972-03-26,,2010-09-03,,38.4394,,45945.0
M0307,D,M,1985-06-01,2010-05-04,2016-02-28,,,5.8207,11065.04,
M0308,D,M,1973-03-10,2001-06-12,2017-12-01,,,16.4709,12312.65,
M0309,A,F,1977-07-09,2001-09-08,,,46772.0,24.3121,,
M0310,P,M,1940-01-18,1989-07-14,,2005-01-18,,15.5154,,45945.0
M0311,D,F,1989-07-05,2011-07-12,2018-07-20,,,7.0226,5981.86,
M0312,D,M,1971-07-01,2002-04-09,2023-07-18,,,21.2731,18086.15,
M0313,D,M,1962-12-12,1997-12-30,2004-12-08,,,6.9405,7110.69,
M0314,D,F,1987-02-07,2009-10-15,2025-07-01,,,15.7098,5815.66,
M0315,P,F,1943-06-15,1970-12-23,,2008-06-15,,37.4784,,23137.81
M0316,A,F,1985-03-16,2012-11-12,,,81847.0,13.1335,,
M0317,A,F,1973-07-24,2004-10-24,,,44450.0,21.1855,,
M0318,A,F,1974-06-08,1999-12-03,,,78441.0,26.078,,
M0319,A,M,1976-02-18,1998-09-19,,,49097.0,27.2827,,
M0320,P,M,1960-09-11,1998-07-25,2013-02-12,2025-09-11,,14.5544,,7910.44
M0321,D,M,1977-04-15,2003-06-23,2012-08-27,,,9.18,2502.89,
M0322,P,M,1953-05-15,1987-09-11,,2018-05-15,,30.6749,,15296.8
M0323,D,M,1978-08-05,2004-01-18,2006-09-06,,,2.6338,7133.93,
M0324,D,F,1963-01-14,1985-04-18,2011-02-09,,,25.8125,3268.01,
M0325,P,M,1949-02-02,1979-09-05,,2014-02-02,,34.412,,8168.0
M0326,D,M,1989-10-29,2012-03-13,2021-01-20,,,8.8569,10223.17,
M0327,D,F,1962-06-17,1998-02-04,2001-05-19,,,3.2854,3427.34,
M0328,A,M,1989-05-25,2011-05-26,,,104895.0,14.601,,
M0329,A,F,1981-10-09,2003-10-09,,,65561.0,22.2286,,
M0331,P,M,1954-10-04,1993-09-23,,2019-10-04,,26.0287,,19834.9
M0332,P,M,1950-10-18,1988-12-04,,2015-10-18,,26.8693,,15224.01
M0333,P,M,1949-09-02,1989-04-23,,2014-09-02,,25.3607,,11042.55
M0334,D,M,1987-01-06,1984-09-19,2010-08-10,,,25.8891,14912.61,
M0335,P,M,1959-12-11,1989-02-07,,2024-12-11,,35.8412,,27450.34
M0336,D,M,1985-09-21,2011-11-15,2021-01-05,,,9.1417,2000.0,
M0337,A,M,1975-12-12,2008-05-27,,,59812.0,17.5962,,
M0338,P,F,1948-03-01,1975-11-06,,2013-03-01,,37.3169,,37024.9
M0339,A,F,1973-04-07,1995-04-07,,,72455.0,30.7351,,
M0340,P,F,1951-09-04,2006-01-14,,2016-09-04,,10.6393,,15311.85
M0341,D,M,1966-02-03,2003-04-15,2020-03-09,,,16.9008,2000.0,
M0342,A,M,1967-11-16,2007-07-31,,,62126.0,18.4203,,
M0343,P,M,1953-03-14,1989-10-28,,2018-03-14,,28.3751,,13986.88
M0344,A,M,1985-09-10,2007-09-10,,,123411.0,18.308,,
M0345,A,M,1984-08-01,2006-08-01,,,83588.0,19.4168,,
M0346,P,M,1951-11-02,1995-01-20,,2016-11-02,,21.7851,,22872.6
M0347,P,F,1959-06-20,1987-01-09,,2024-06-20,,37.4456,,9188.17
M0348,P,M,1943-08-11,1987-02-26,,2008-08-11,,21.4565,,10497.52
M0349,P,F,1952-12-08,2003-01-09,,2017-12-08,,14.9131,,10514.55
M0350,P,M,1953-11-08,1999-04-13,,2018-11-08,,19.5729,,8727.45
M0351,D,M,1961-11-19,1997-04-26,2001-06-04,,,4.1068,2028.05,
M0352,D,M,1985-11-06,2011-07-24,2024-07-16,,,12.9802,3650.94,
M0353,A,M,1969-09-30,1998-06-29,,,57814.0,27.5072,,
M0354,D,M,1966-09-03,2001-08-04,2022-04-06,,,20.6708,7431.86,
M0355,A,M,1968-01-27,2007-09-12,,,72223.0,18.3025,,
M0356,D,M,1970-05-11,2008-05-05,2018-01-30,,,9.7385,3591.37,
M0357,D,M,1983-02-21,2011-01-27,2023-02-07,,,12.0301,15012.59,
M0358,P,F,1942-10-27,1989-02-26,,2007-10-27,,18.6639,,29265.37
M0359,P,F,1953-12-15,1982-05-02,,2018-12-15,,36.6215,,34351.42
M0360,P,M,1959-08-19,1997-11-16,,2024-08-19,,26.757,,19508.11
M0361,A,M,1963-05-15,2004-02-10,,,46074.0,21.8891,,
M0362,P,M,1940-06-20,1977-07-10,,2005-06-20,,27.9452,,24131.39
M0363,P,M,1946-02-11,1991-10-27,,2011-02-11,,19.2936,,15493.74
M0364,P,M,1957-09-08,1990-03-22,,2022-09-08,,32.4654,,27726.77
M0365,P,F,1947-12-18,1974-06-08,,2012-12-18,,38.5298,,12236.02
M0366,D,F,1980-02-21,2006-07-05,2014-04-19,,,7.7892,3413.02,
M0367,A,M,1967-02-23,1990-05-22,,,52936.0,35.6112,,
M0368,P,M,1956-12-26,1998-01-17,,2021-12-26,,23.9398,,14945.43
M0369,A,F,1977-12-26,1999-12-26,,,55322.0,26.0151,,
M0370,A,F,1978-08-05,2000-08-05,,,40148.0,25.4045,,
M0371,D,F,1971-07-25,1999-11-17,2010-09-04,,,10.7981,7323.8,
M0372,P,F,1946-02-15,1976-10-27,,2011-02-15,,34.3025,,14546.49
M0373,P,M,1948-11-23,1997-01-23,,2013-11-23,,16.8323,,15473.26
M0374,D,F,1965-10-04,1997-01-19,2000-12-19,,,3.9151,8777.84,
M0375,P,M,1955-04-19,1997-01-27,,2020-04-19,,23.2252,,17077.84
M0376,P,M,1953-10-30,2008-02-24,,2018-10-30,,10.6804,,14683.33
M0377,P,F,1956-05-07,1996-02-11,,2021-05-07,,25.2348,,24738.54
M0378,P,M,1929-12-31,1962-05-29,,1994-12-31,,32.5914,,14938.61
M0379,D,F,1966-04-19,1999-09-16,2004-07-30,,,4.8706,10306.37,
M0380,P,M,1958-11-28,2002-04-17,,2023-11-28,,21.6153,,18449.65
M0381,A,M,1964-12-06,2005-06-15,,,71826.0,20.5448,,
M0382,A,F,1979-04-28,2001-04-28,,,47376.0,24.6762,,
M0383,D,M,1982-08-12,2011-04-21,2014-08-18,,,3.3265,3244.36,
M0384,P,M,1943-07-29,1971-12-01,,2008-07-29,,36.6598,,10745.92
M0385,P,F,1940-09-09,1985-09-02,,2005-09-09,,20.0192,,9498.51
M0386,D,M,1968-03-03,1996-12-07,2016-06-19,,,19.5318,4091.11,
M0387,P,M,1960-04-26,1998-05-14,2001-10-03,2025-04-26,,3.3895,,7312.7
M0388,P,F,1940-08-18,1974-06-24,,2005-08-18,,31.1513,,22641.14
M0389,P,F,1958-11-11,2012-12-12,,2023-11-11,,10.9131,,29959.89
M0390,D,F,1974-07-21,1999-01-07,2004-01-31,,,5.065,6947.51,
M0391,D,M,1966-04-02,1995-05-20,2013-02-07,,,17.7221,10770.98,
M0392,P,F,1950-06-22,1987-06-01,,2015-06-22,,28.0575,,9449.14
M0393,D,M,1961-04-01,1997-04-14,2023-12-25,,,26.6968,2873.18,
M0394,P,M,1956-10-28,2007-09-06,,2021-10-28,,14.1437,,11255.46
M0395,D,M,1965-09-08,1991-04-22,2013-10-05,,,22.4559,5377.69,
M0396,D,F,1964-05-23,1988-09-12,2008-11-08,,,20.1561,2579.84,
M0397,P,M,1957-12-18,1996-03-31,,2022-12-18,,26.7159,,11690.63
M0398,A,M,1977-06-20,1999-06-21,,,70977.0,26.5298,,
M0399,A,F,1971-10-03,2012-03-20,,,58680.0,13.7823,,
M0400,P,F,1954-09-21,1999-11-01,,2019-09-21,,19.8877,,24083.57
M0401,D,F,1986-05-31,2009-10-20,2016-09-12,,,6.8966,6959.05,
M0402,D,M,1988-01-04,2010-06-17,2023-07-24,,,13.1006,12223.89,
M0403,D,F,1988-06-19,2012-04-16,2014-10-07,,,2.475,3617.67,
M0404,P,F,1939-10-01,1967-04-19,,2004-10-01,,37.4538,,27132.78
M0405,D,M,1986-02-27,2010-02-09,2016-08-18,,,6.5216,5936.52,
M0406,D,F,1985-10-16,2011-07-20,2013-11-04,,,2.2943,3971.89,
M0407,D,M,1986-03-16,2010-07-25,2013-11-14,,,3.3073,6863.67,
M0408,P,F,1943-05-01,1984-03-08,,2008-05-01,,24.1478,,16713.61
M0409,D,M,1984-01-09,2006-01-09,2025-07-01,,,19.4743,20294.04,
M0410,A,M,1986-06-23,2008-06-22,,,58377.0,17.525,,
M0411,A,M,1988-06-07,2010-06-08,,,88614.0,15.5647,,
M0412,D,F,1971-01-02,1994-09-02,2022-06-19,,,27.7947,4341.01,
M0413,P,M,1947-11-07,1974-01-04,,2012-11-07,,38.8419,,23106.68
M0414,P,M,1956-09-23,2008-10-20,,2021-09-23,,12.9254,,18689.43
M0415,D,F,1984-12-25,2009-10-08,2013-11-30,,,4.1451,4203.52,
M0416,P,M,1952-10-12,1998-12-26,,2017-10-12,,18.7953,,13644.71
M0417,D,M,1975-11-15,1998-01-20,2022-12-20,,,24.9144,2150.49,
M0418,A,M,1984-10-15,2006-10-15,,,78077.0,19.2115,,
M0419,D,M,1980-04-18,2004-02-07,2007-04-21,,,3.2005,4453.68,
M0420,D,M,1975-04-04,1998-01-26,2006-04-13,,,8.2108,3012.62,
M0421,P,F,1953-07-22,1987-04-26,,2018-07-22,,31.2389,,21252.85
M0422,P,M,1958-03-11,2008-06-24,,2023-03-11,,14.7105,,14331.46
M0423,P,M,1936-12-25,1979-03-26,,2001-12-25,,22.7515,,12105.18
M0424,A,M,1975-08-29,1997-08-28,,,63486.0,28.3422,,
M0425,P,M,1939-06-15,1994-03-27,,2004-06-15,,10.2204,,13013.59
M0426,P,F,1945-05-12,1984-08-23,,2010-05-12,,25.7166,,12397.62
M0427,P,M,1960-01-04,1994-10-11,,2025-01-04,,30.2341,,17902.42
M0428,A,M,1972-10-23,2000-08-25,,,93941.0,25.3498,,
M0429,D,F,1983-08-10,2007-10-11,2021-11-19,,,14.1081,5510.15,
M0430,P,M,1956-09-07,1990-05-31,,2021-09-07,,31.2717,,19459.54
M0431,A,M,1968-12-07,2001-07-07,,,123300.0,24.4846,,
M0432,P,F,1957-04-26,1995-05-27,,2022-04-26,,26.9158,,18616.22
M0433,P,M,1948-04-03,1981-05-04,,2013-04-03,,31.9151,,11268.03
M0434,D,M,1971-09-17,2011-06-25,2021-12-13,,,10.4695,12974.88,
M0435,D,M,1963-12-19,2005-10-06,2008-09-07,,,2.9213,6680.79,
M0436,P,F,1957-05-08,2001-09-11,,2022-05-08,,20.6543,,20413.76
M0437,A,F,1966-09-06,2008-12-08,,,81307.0,17.0623,,
M0438,P,M,1958-08-31,1998-09-12,,2023-08-31,,24.9665,,8584.15
M0439,P,M,1929-12-31,1961-02-23,,1994-12-31,,33.8508,,29188.39
M0440,P,F,1946-12-05,2000-05-08,,2011-12-05,,11.5756,,17041.7
M0441,P,M,1958-06-13,2002-11-03,,2023-06-13,,20.6078,,13521.73
M0442,D,M,1962-04-16,1992-07-24,2023-05-06,,,30.7817,3500.37,
M0443,D,M,1989-03-17,2012-06-18,2017-11-17,,,5.4155,2388.76,
M0444,A,M,1963-07-24,2002-05-20,,,63565.0,23.6167,,
M0445,P,M,1954-02-08,2001-11-13,,2019-02-08,,17.2375,,30359.79
M0446,D,M,1977-11-09,2011-03-19,2021-03-01,,,9.9521,10789.75,
M0447,P,F,1959-01-02,2002-11-08,,2024-01-02,,21.1499,,12732.48
M0448,A,M,1973-04-18,1995-04-18,,,56003.0,30.705,,
M0449,D,F,1965-09-14,1990-12-25,2011-05-15,,,20.386,3209.04,
M0450,P,M,1956-10-20,1984-01-11,,2021-10-20,,37.7741,,19187.36
M0451,P,M,1943-01-08,1988-12-01,,2008-01-08,,19.102,,15546.33
M0452,P,M,1938-11-27,1973-10-24,,2003-11-27,,30.0917,,37997.58
M0453,P,M,1959-03-04,1991-06-01,,2024-03-04,,32.7584,,31434.0
M0454,P,F,1932-05-12,1983-02-11,,1997-05-12,,14.2478,,21249.6
M0455,D,M,1985-05-16,2010-04-28,2024-07-24,,,14.2396,4983.53,
M0456,D,M,1970-03-25,1999-11-14,2013-03-06,,,13.3087,2000.0,
M0457,P,F,1958-05-11,2011-05-28,,2023-05-11,,11.9535,,15117.62
M0458,P,M,1937-01-22,1978-02-13,,2002-01-22,,23.9398,,8168.0
M0459,D,M,1989-10-25,2012-08-02,2016-03-22,,,3.6359,20000.0,
M0460,P,F,1955-06-30,2009-03-02,,2020-06-30,,11.3292,,16482.48
M0461,D,F,1962-05-30,2008-09-09,2018-10-07,,,10.0753,3817.04,
M0462,P,M,1956-09-09,1986-05-28,,2021-09-09,,35.2854,,31950.76
M0463,D,M,1975-01-24,1999-07-05,2007-10-12,,,8.271,20000.0,
M0464,P,F,1951-06-08,1980-09-30,,2016-06-08,,35.6879,,13610.14
M0465,A,F,1981-11-02,2005-05-10,,,74198.0,20.6434,,
M0466,P,M,1956-08-09,2010-08-23,,2021-08-09,,10.9624,,32192.29
M0467,P,M,1950-08-20,1993-03-15,,2015-08-20,,22.4312,,15429.68
M0469,D,M,1962-11-26,1999-12-10,2015-01-12,,,15.091,6596.98,
M0470,P,F,1929-12-31,1966-06-16,,1994-12-31,,28.5421,,24861.05
M0471,P,M,1947-11-29,1979-03-06,,2012-11-29,,33.7358,,14893.37
M0472,P,M,1960-11-07,1999-12-28,2009-01-29,2025-11-07,,9.0897,,24049.48
M0473,P,M,1955-09-06,1991-09-27,,2020-09-06,,28.9446,,31696.56
M0474,P,F,1952-01-17,2004-04-26,,2017-01-17,,12.7283,,33100.16
M0475,D,M,1969-03-18,1999-07-15,2007-10-16,,,8.2546,5456.19,
M0476,D,M,1977-09-27,2001-08-25,2006-04-16,,,4.6407,10653.36,
M0477,P,F,1943-03-14,1996-12-08,,2008-03-14,,11.2635,,25577.96
M0478,P,M,1950-07-08,1976-01-04,,2015-07-08,,39.5072,,29723.56
M0479,A,M,1984-12-21,2006-12-21,,,49891.0,19.0281,,
M0480,A,M,1977-05-10,2011-03-22,,,124433.0,14.7789,,
M0481,D,M,1985-04-01,2012-06-24,2022-12-29,,,10.5133,2633.96,
M0482,A,M,1972-01-11,1997-03-26,,,74226.0,28.7666,,
M0483,P,F,1947-04-08,1981-01-14,,2012-04-08,,31.2307,,12620.66
M0484,A,M,1974-09-10,1996-09-10,,,43787.0,29.306,,
M0485,P,F,1960-10-27,1992-04-14,2005-08-11,2025-10-27,,13.3251,,3077.01
M0486,A,M,1980-10-30,2004-07-15,,,95697.0,21.462,,
M0487,P,F,1958-09-11,2003-10-14,,2023-09-11,,19.9097,,14206.2
M0488,D,M,1973-08-22,1998-08-28,2007-05-04,,,8.6817,4678.84,
M0489,P,M,1947-10-04,1981-12-30,,2012-10-04,,30.7625,,16860.82
M0490,A,F,1967-05-06,2012-10-21,,,72554.0,13.1937,,
M0491,P,M,1958-06-16,1985-02-14,,2023-06-16,,38.3326,,24610.14
M0492,P,M,1953-12-09,2004-04-09,,2018-12-09,,14.6667,,9626.87
M0493,D,M,1988-02-17,2012-05-23,2018-09-19,,,6.3244,7402.95,
M0494,D,F,,1998-04-05,2003-03-27,,,4.9747,5677.01,
M0495,A,M,1986-04-06,2008-04-05,,,65905.0,17.7385,,
M0496,A,M,1970-07-03,2006-02-03,,,70827.0,19.9069,,
M0497,P,F,1956-11-30,1990-12-06,,2021-11-30,,30.9843,,16621.58
M0498,P,M,1953-11-16,2005-02-24,,2018-11-16,,13.7248,,10760.67
M0499,A,M,1962-05-02,2003-12-16,,,57599.0,22.0424,,
M0500,P,F,1929-12-31,1964-05-24,,1994-12-31,,30.6037,,22176.76
M0501,P,M,1957-05-17,1983-08-20,,2022-05-17,,38.7406,,8168.0
M0502,P,F,1959-08-24,2010-11-07,,2024-08-24,,13.796,,24679.98
M0503,P,F,1958-06-22,1987-08-24,,2023-06-22,,35.8275,,19472.61
M0504,A,M,1963-04-24,1996-04-30,,,47006.0,29.6701,,
M0505,P,F,1947-09-08,1982-07-30,,2012-09-08,,30.1109,,28743.27
M0506,P,F,1955-03-19,2006-08-15,,2020-03-19,,13.5934,,22719.62
M0507,A,F,1965-10-22,1994-01-08,,,77357.0,31.9781,,
M0508,D,F,1971-02-11,2001-09-21,2019-01-01,,,17.2786,8712.56,
M0509,P,F,1945-12-22,1999-12-03,,2010-12-22,,11.0527,,9775.85
M0510,P,F,1955-08-03,2007-04-27,,2020-08-03,,13.2704,,14892.54
M0511,A,M,1988-06-29,2010-06-29,,,87768.0,15.5072,,
M0512,P,M,1959-05-14,1997-09-07,,2024-05-14,,26.6831,,15622.3
M0513,D,F,1964-01-02,1995-03-30,2013-09-27,,,18.4969,12172.78,
M0514,D,M,1981-10-27,2007-07-13,2013-02-12,,,5.588,9492.39,
M0515,P,F,1945-06-23,1993-05-12,,2010-06-23,,17.1143,,35013.48
M0516,D,M,1976-08-20,2005-05-05,2011-07-03,,,6.1602,5672.63,
M0517,P,M,1953-07-26,1982-07-05,,2018-07-26,,36.0575,,11153.64
M0518,P,M,1954-07-03,2000-06-03,,2019-07-03,,19.0801,,34139.93
M0520,P,F,1936-05-19,1962-04-11,,2001-05-19,,39.1047,,8168.0
M0521,D,F,1964-03-20,1989-01-05,2007-09-15,,,18.6913,2343.07,
M0522,P,M,1951-08-28,1989-09-05,,2016-08-28,,26.9788,,30715.88
M0523,P,M,1959-01-27,2007-07-09,,2024-01-27,,16.553,,35868.65
M0524,P,M,1952-06-18,1979-01-20,,2017-06-18,,38.4093,,30070.96
M0525,P,F,1957-01-03,2010-02-01,,2022-01-03,,11.9206,,15940.83
M0526,D,M,1987-02-06,2010-07-26,2013-11-11,,,3.2964,5246.19,
M0527,P,M,1959-06-02,1996-01-24,,2024-06-02,,28.3559,,28870.95
M0528,P,M,1950-12-06,1983-02-18,,2015-12-06,,32.7967,,22226.43
M0529,P,M,1950-07-14,2005-02-04,,2015-07-14,,10.4367,,25232.77
M0530,P,M,1955-12-24,1984-04-23,,2020-12-24,,36.6708,,12453.08
M0531,P,M,1941-02-26,1970-09-24,,2006-02-26,,35.4251,,17581.63
M0532,A,M,1966-12-29,2004-09-28,,,55696.0,21.2567,,
M0533,D,M,1978-07-22,2001-04-22,2003-08-10,,,2.2998,2516.08,
M0534,D,M,1967-11-11,1992-08-01,2006-02-04,,,13.5113,8234.86,
M0535,P,F,1957-11-13,2005-08-13,,2022-11-13,,17.2512,,21008.37
M0536,D,M,1981-01-04,2007-10-18,2010-06-26,,,2.6886,3166.96,
M0537,A,F,1976-11-23,1998-11-24,,,123547.0,27.102,,
M0538,A,F,1984-11-18,2006-11-19,,,84587.0,19.1157,,
M0539,P,F,1960-01-04,2002-06-27,,2025-01-04,,22.5243,,10922.63
M0540,D,M,1973-03-12,1998-01-04,2024-04-29,,,26.3162,4289.49,
M0541,D,M,1963-01-07,1987-12-12,2017-06-08,,,29.4894,6714.35,
M0542,P,M,1946-08-11,1971-09-19,,2011-08-11,,39.8932,,12566.61
M0543,P,M,1958-09-28,1989-05-05,,2023-09-28,,34.3984,,18522.56
M0544,P,M,1955-01-22,2002-05-22,,2020-01-22,,17.6701,,33532.91
M0545,D,F,1968-01-14,1997-07-26,2007-08-13,,,10.0479,5007.95,
M0546,P,M,1958-08-11,1997-09-09,,2023-08-11,,25.9192,,12498.4
M0547,D,M,1975-07-27,2009-06-07,2024-12-22,,,15.5428,3641.3,
M0548,D,M,1972-02-14,1994-04-10,2021-04-12,,,27.0062,8853.37,
M0549,P,F,1952-02-08,2007-01-19,,2017-02-08,,10.0561,,16209.41
M0550,P,M,1955-06-21,2010-02-01,,2020-06-21,,10.3847,,28012.53
M0551,P,M,1955-07-17,1994-05-28,,2020-07-17,,26.1383,,18502.73
M0552,A,M,1961-04-06,1994-10-20,,,57214.0,31.1978,,
M0553,A,F,1969-10-22,1991-10-23,,,55763.0,34.1903,,
M0554,A,M,1971-09-02,1996-12-17,,,59795.0,29.0376,,
M0555,D,M,1964-05-24,1994-04-11,2010-08-19,,,16.3559,4388.41,
M0556,P,M,1958-12-17,1993-11-12,,2023-12-17,,30.0945,,24885.94
M0557,P,M,1955-06-03,1988-12-04,,2020-06-03,,31.4962,,19457.9
M0558,P,M,1953-03-27,1995-08-31,,2018-03-27,,22.5708,,32916.14
M0559,A,F,1980-12-26,2008-09-06,,,63016.0,17.3169,,
M0560,P,M,1958-09-07,1984-11-12,,2023-09-07,,38.8172,,15601.42
M0561,D,F,1989-04-24,2012-04-24,2014-09-30,,,2.4339,13391.97,
M0562,A,M,1977-10-06,1999-10-07,,,72054.0,26.2341,,
M0563,P,M,1959-03-07,1988-03-22,,2024-03-07,,35.9589,,25993.66
M0564,P,M,1959-03-21,1986-01-31,,2024-03-21,,38.1355,,14469.54
M0565,A,F,1971-08-01,2003-02-08,,,42098.0,22.8939,,
M0566,D,M,1981-02-26,2006-04-25,2010-08-31,,,4.3504,4370.72,
M0567,A,F,1984-06-24,2006-06-24,,,64384.0,19.5209,,
M0568,D,M,1963-04-11,2011-01-18,2017-06-29,,,6.4449,11949.9,
M0569,A,F,1979-07-10,2003-09-18,,,92251.0,22.2861,,
M0570,D,F,1973-09-06,1997-08-31,2010-12-05,,,13.2621,3443.61,
M0571,D,M,1981-11-18,2010-08-31,2016-03-27,,,5.5715,12558.19,
M0572,D,M,1963-04-14,2006-08-22,2024-10-03,,,18.1164,6242.16,
M0573,A,F,1970-10-29,1999-04-23,,,74236.0,26.6913,,
M0574,P,M,1950-10-09,2003-09-24,,2015-10-09,,12.0411,,45945.0
M0575,P,M,1957-12-22,1989-11-11,,2022-12-22,,33.1116,,24840.95
M0576,P,M,1939-09-02,1983-07-19,,2004-09-02,,21.1253,,35839.85
M0577,D,M,1983-03-08,2006-09-15,2011-09-13,,,4.9938,9969.75,
M0578,P,F,1950-03-22,1986-07-05,,2015-03-22,,28.7118,,25941.01
M0579,D,M,1986-06-01,2011-02-15,2024-05-06,,,13.2211,5137.74,
M0580,D,F,1984-07-13,2011-06-12,2016-07-06,,,5.0678,5811.49,
M0581,P,F,1956-09-16,2003-06-11,,2021-09-16,,18.2669,,18428.95
M0582,D,M,1976-03-07,2001-05-12,2017-02-05,,,15.7372,12644.02,
M0583,D,M,1963-07-22,1997-08-03,2000-03-18,,,2.6229,17872.56,
M0584,A,M,1965-04-13,2004-04-03,,,77689.0,21.744,,
M0585,A,F,1968-08-15,1994-02-12,,,86638.0,31.8823,,
M0586,A,F,1970-10-23,1993-10-21,,,61889.0,32.1944,,
M0587,P,M,1929-12-31,1983-12-04,,1994-12-31,,11.0746,,14697.6
M0588,P,M,1954-10-24,1981-07-07,,2019-10-24,,38.2971,,15040.7
M0589,P,F,1955-03-16,1992-09-01,,2020-03-16,,27.5373,,0.0
M0590,D,M,1988-06-02,2011-01-21,2016-06-10,,,5.3854,2554.82,
M0591,P,M,1951-09-02,1992-04-16,,2016-09-02,,24.3806,,15297.13
M0592,A,M,1985-03-07,2007-03-08,,,65098.0,18.8172,,
M0593,A,M,1981-08-28,2003-08-28,,,78791.0,22.3436,,
M0594,P,F,1956-06-23,2002-11-17,,2021-06-23,,18.5982,,30051.12
M0595,D,M,1968-05-14,1997-05-08,2012-02-19,,,14.7844,3057.59,
M0596,D,F,1972-07-14,2001-06-20,2008-04-20,,,6.8337,5137.58,
M0597,P,M,1955-01-28,1998-04-20,,2020-01-28,,21.7741,,21875.6
M0598,P,F,1958-05-13,1994-05-02,,2023-05-13,,29.0294,,8185.3
M0599,D,M,1983-06-02,2010-04-17,2022-03-27,,,11.9425,3131.4,
M0600,D,F,1980-10-06,2007-04-30,2012-09-01,,,5.3415,5827.67,
M0601,D,M,1970-09-10,1996-02-10,2012-06-03,,,16.3121,6454.88,
M0603,D,M,1981-05-02,2007-11-09,2022-09-12,,,14.8419,4489.4,
M0604,D,F,1986-07-22,2012-12-28,2018-11-07,,,5.859,3637.3,
M0605,P,F,1952-08-24,1992-03-08,,2017-08-24,,25.462,,17712.67
M0606,A,M,1974-09-19,1996-09-18,,,41259.0,29.2841,,
M0607,D,M,1969-07-30,1993-06-08,2006-10-13,,,13.347,13532.82,
M0608,D,M,1980-04-27,2003-10-30,2010-03-23,,,6.3956,8468.73,
M0609,P,M,1954-02-13,1996-11-29,,2019-02-13,,22.2067,,15924.85
M0610,D,F,1977-06-18,2000-02-02,2004-02-25,,,4.063,6737.6,
M0611,A,M,1989-12-31,2012-01-01,,,58218.0,13.9986,,
M0612,A,M,1973-02-16,1998-03-01,,,56398.0,27.8357,,
M0613,P,M,1958-06-29,1997-07-19,,2023-06-29,,25.9439,,19599.42
M0614,P,F,1951-03-24,2003-09-27,,2016-03-24,,12.4901,,20974.12
M0615,P,M,1959-06-25,2009-03-08,,2024-06-25,,15.2991,,18431.83
M0616,A,M,1968-06-20,1999-10-08,,,65035.0,26.2313,,
M0617,P,M,1960-09-23,2011-09-21,,2025-09-23,,14.0068,,21327.36
M0618,P,F,1929-12-31,1962-06-30,,1994-12-31,,32.5038,,8789.96
M0619,D,M,1977-01-24,2004-07-11,2016-12-29,,,12.4682,12035.06,
M0620,P,F,1929-12-31,1972-11-02,,1994-12-31,,22.1602,,16815.78
M0621,A,F,1968-02-19,1997-08-24,,,41277.0,28.3532,,
M0622,P,M,1955-04-17,1997-05-02,,2020-04-17,,22.9596,,22094.9
M0623,P,F,1957-05-11,1995-12-23,,2022-05-11,,26.3819,,16757.89
M0624,P,M,1959-07-20,2001-09-03,,2024-07-20,,22.8775,,19546.71
M0625,P,M,1950-12-28,1984-03-13,,2015-12-28,,31.7919,,12305.11
M0626,D,F,1982-01-03,2007-04-19,2014-08-29,,,7.3621,3126.75,
M0626,D,F,1982-01-03,2007-04-19,2014-08-29,,,7.3621,3126.75,
M0627,D,M,1974-02-10,2003-01-15,2024-09-09,,,21.6509,2219.34,
M0628,P,M,1947-11-21,2000-02-29,,2012-11-21,,12.7283,,16289.55
M0629,P,M,1935-03-03,1986-03-18,,2000-03-03,,13.9603,,14338.6
M0630,P,M,1958-04-16,2006-11-06,,2023-04-16,,16.4408,,24082.12
M0631,A,F,1980-12-29,2002-12-30,,,49837.0,23.0034,,
M0632,P,F,1950-05-12,1977-01-08,,2015-05-12,,38.3381,,8168.0
M0633,P,F,1959-03-01,2007-12-06,,2024-03-01,,16.2355,,22681.1
M0634,D,F,1968-06-26,2006-11-02,2011-10-14,,,4.9473,3777.3,
M0635,D,M,1984-04-08,2008-02-18,2024-11-17,,,16.7474,8278.73,
M0636,D,F,1962-02-18,1996-01-03,2002-06-11,,,6.4367,8382.07,
M0637,P,F,1955-03-21,2008-11-20,,2020-03-21,,11.332,,27905.74
M0638,D,F,1989-09-30,2012-10-17,2023-02-07,,,10.308,10145.65,
M0639,P,F,1953-03-30,1990-12-01,,2018-03-30,,27.3265,,23995.34
M0640,P,M,1950-02-14,1985-04-09,,2015-02-14,,29.8508,,19696.25
M0641,D,M,1965-01-13,2004-09-15,2023-10-25,,,19.1075,8162.75,
M0642,D,M,1968-05-14,1998-07-03,2016-01-01,,,17.4976,7846.07,
M0643,D,M,1988-06-17,2010-08-30,2016-02-13,,,5.4565,5712.62,
M0644,D,M,1972-07-15,1994-11-12,2005-02-11,,,10.2505,8050.09,
M0645,D,F,1968-05-27,1998-12-30,2005-03-05,,,6.1793,6731.15,
M0646,A,F,1980-01-07,2002-01-07,,,877080.0,23.9808,,
M0647,P,M,1951-01-02,2001-07-09,,2016-01-02,,14.4832,,43477.14
M0648,P,M,1954-12-09,2006-09-13,,2019-12-09,,13.2375,,25564.59
M0649,A,F,1976-05-07,2009-06-19,,,81228.0,16.5339,,
M0650,P,M,1947-07-15,1989-09-11,,2012-07-15,,22.8419,,22421.59
M0651,P,M,1944-02-04,1974-12-16,,2009-02-04,,34.1383,,36992.37
M0652,D,M,1988-04-17,2010-11-17,2022-01-04,,,11.1321,4719.01,
M0653,P,M,1948-02-09,1976-03-13,,2013-02-09,,36.9117,,8168.0
M0654,P,M,1957-02-18,1983-02-08,,2022-02-18,,39.0281,,17099.94
M0655,P,F,1936-10-03,1991-07-30,,2001-10-03,,10.1793,,18250.68
M0656,D,M,1964-03-31,1998-03-30,2006-05-12,,,8.1177,16780.71,
M0657,P,M,1956-01-03,2007-03-17,,2021-01-03,,13.8015,,20670.03
M0658,D,M,1973-04-02,1998-01-13,2002-02-12,,,4.0821,2658.79,
M0659,D,M,1971-06-29,1994-09-05,2021-05-27,,,26.7242,2000.0,
M0660,P,M,1947-07-27,1975-12-01,,2012-07-27,,36.6543,,13443.09
M0661,P,F,1951-08-02,2004-01-03,,2016-08-02,,12.5804,,11513.04
M0662,A,M,1965-04-02,1990-03-31,,,55877.0,35.7536,,
M0663,P,F,1958-08-07,1987-07-21,,2023-08-07,,36.0465,,21817.09
M0664,A,F,1988-04-02,2010-04-02,,,86224.0,15.7481,,
M0665,P,M,1959-11-24,2000-04-08,,2024-11-24,,24.6297,,29292.53
M0666,P,M,1959-12-29,1990-08-25,,2024-12-29,,34.3463,,19405.89
M0667,D,F,1970-10-08,2011-10-15,2023-01-02,,,11.217,7254.67,
M0668,P,F,1951-12-07,1989-08-27,,2016-12-07,,27.2799,,10536.87
M0669,P,M,1933-11-11,1980-02-25,,1998-11-11,,18.7105,,8168.0
M0670,D,M,1965-07-08,1996-07-27,2018-05-03,,,21.7659,4471.67,
M0671,P,M,1949-10-27,1983-01-03,,2014-10-27,,31.8138,,20673.22
M0672,D,M,1986-11-16,2009-03-07,2012-07-07,,,3.3347,8466.34,
M0673,P,F,1952-07-23,1980-10-21,,2017-07-23,,36.7529,,34441.5
M0674,A,F,1979-02-12,2001-02-11,,,46042.0,24.8843,,
M0675,A,F,1977-03-17,2009-08-30,,,78235.0,16.3368,,
M0676,P,F,1953-02-04,1978-09-05,,2018-02-04,,39.4168,,12520.11
M0677,D,F,1984-03-09,2010-11-24,2021-06-18,,,10.5654,7790.02,
M0678,A,M,1969-02-15,1992-12-08,,,115990.0,33.0623,,
M0679,A,F,1985-08-12,2007-08-12,,,41175.0,18.3874,,
M0680,P,M,1956-02-18,1983-08-09,,2021-02-18,,37.5305,,12119.76
M0681,P,F,1953-12-13,1986-02-10,,2018-12-13,,32.8378,,8185.25
M0682,P,F,,2000-05-31,,2011-12-04,,11.5099,,12040.63
M0683,P,F,1955-07-31,2001-09-30,,2020-07-31,,18.8337,,24093.07
M0684,D,M,1973-02-03,2003-04-15,2013-01-07,,,9.7331,7787.19,
M0685,A,M,1974-12-04,1996-12-03,,,125270.0,29.076,,
M0686,A,M,1970-07-08,2008-01-02,,,50341.0,17.9959,,
M0687,P,F,1957-07-15,2001-10-26,,2022-07-15,,20.7173,,26931.94
M0688,P,F,1948-05-25,2000-07-07,,2013-05-25,,12.8816,,34711.67
M0689,A,M,1978-05-12,2000-05-12,,,67559.0,25.6372,,
M0690,A,F,1989-12-31,2012-01-01,,,73737.0,13.9986,,
M0691,D,M,1987-12-03,2010-09-22,2021-07-17,,,10.8172,7806.94,
M0692,D,F,1987-05-15,2010-11-08,2013-03-21,,,2.3655,2014.32,
M0693,A,M,1980-01-10,2002-01-09,,,42785.0,23.9754,,
M0694,D,M,1971-10-20,2007-12-24,2011-04-08,,,3.2882,4465.29,
M0695,P,F,1956-06-05,1997-07-13,,2021-06-05,,23.896,,12096.52
M0696,D,M,1963-09-26,2009-03-02,2023-05-20,,,14.2149,2815.09,
M0697,D,F,1961-06-07,2009-04-13,2013-03-14,,,3.9179,3445.26,
M0698,P,M,1959-11-29,2005-04-22,,2024-11-29,,19.6057,,16928.62
M0699,P,M,1958-08-21,2012-02-27,,2023-08-21,,11.4798,,13072.07
M0700,A,M,1972-12-16,2001-01-01,,,53822.0,24.9966,,
M0701,P,M,1956-08-28,1986-03-29,,2021-08-28,,35.4168,,26253.62
M0702,P,M,1957-05-18,2010-10-11,,2022-05-18,,11.6003,,45945.0
M0703,A,F,1967-03-21,1997-06-29,,,53721.0,28.5065,,
M0704,A,F,1980-11-21,2004-06-11,,,58628.0,21.5551,,
M0705,A,F,1975-12-26,2011-03-19,,,93197.0,14.7871,,
M0706,A,M,1966-12-16,2011-05-01,,,72058.0,14.6694,,
M0707,A,F,1982-04-18,2005-11-24,,,80802.0,20.1013,,
M0708,D,F,1978-07-28,2002-08-23,2014-08-21,,,11.9945,2711.28,
M0709,A,M,1981-09-13,2003-09-13,,,41762.0,22.2998,,
M0710,P,F,1960-05-06,1989-04-25,2001-03-14,2025-05-06,,11.885,,13640.09
M0711,A,M,1984-01-04,2006-01-04,,,123608.0,19.989,,
M0712,D,M,1980-02-20,2005-10-08,2008-12-09,,,3.1704,5840.24,
M0713,D,F,1975-03-08,2003-08-31,2015-10-22,,,12.1424,10547.62,
M0714,A,M,1970-09-05,1995-07-14,,,67960.0,30.4668,,
M0715,P,F,1952-07-31,2002-08-30,,2017-07-31,,14.9185,,11598.81
M0716,D,M,1985-01-26,2009-02-07,2021-06-14,,,12.3477,13161.22,
M0717,A,F,1972-03-25,2002-02-02,,,40854.0,23.9097,,
M0718,D,M,1961-04-28,1990-08-06,2022-01-04,,,31.4141,4065.62,
M0719,A,M,1968-02-28,2001-03-15,,,60772.0,24.7967,,
M0720,P,F,1952-07-27,2007-04-03,,2017-07-27,,10.3162,,10631.19
M0721,P,M,1958-03-07,2001-08-14,,2023-03-07,,21.5606,,9864.62
M0722,D,F,1986-09-15,2009-09-15,2024-05-29,,,14.7023,2772.17,
M0723,D,F,1979-01-18,2005-12-14,2014-06-03,,,8.4682,10744.61,
M0724,P,M,1956-03-13,1987-01-29,,2021-03-13,,34.1191,,21570.15
M0725,P,F,1955-01-20,1987-08-08,,2020-01-20,,32.4517,,19326.29
M0726,P,M,1960-07-11,1996-05-05,2000-03-12,2025-07-11,,3.8522,,13135.89
M0727,P,F,1951-10-14,1984-03-30,,2016-10-14,,32.5421,,25658.31
M0728,P,M,1954-11-07,1997-02-28,,2019-11-07,,22.6886,,19848.86
M0729,P,F,1957-08-29,2011-12-10,,2022-08-29,,10.7187,,27527.27
M0730,D,M,2013-09-29,2010-07-11,2020-10-16,,,10.2669,7145.61,
M0731,A,M,1988-03-18,2010-03-19,,,99245.0,15.7864,,
M0732,P,F,1954-09-02,2009-03-06,,2019-09-02,,10.4914,,17868.03
M0733,A,M,1989-12-31,2012-01-01,,,50115.0,13.9986,,
M0734,P,M,1955-04-27,1984-12-14,,2020-04-27,,35.3676,,29246.56
M0735,D,M,1961-07-29,2002-04-24,2015-11-01,,,13.5222,3970.17,
M0737,P,M,1954-08-23,1985-03-21,,2019-08-23,,34.423,,19418.89
M0738,A,M,1983-10-26,2005-10-26,,,82221.0,20.1807,,
M0739,D,M,1964-06-19,1993-01-16,2014-10-20,,,21.7577,3956.58,
M0740,A,M,1985-08-10,2007-08-10,,,62836.0,18.3929,,
M0741,D,M,1975-05-23,2000-05-03,2023-11-21,,,23.551,5927.59,
M0742,P,M,1959-09-12,2003-02-20,,2024-09-12,,21.5606,,19322.1
M0743,P,F,1959-01-08,2000-11-08,,2024-01-08,,23.165,,21071.0
M0744,D,F,1966-10-05,2009-07-01,2019-08-23,,,10.1437,3589.21,
M0745,P,M,1946-12-15,2001-05-19,,2011-12-15,,10.5736,,33017.18
M0746,A,F,1980-04-09,2011-12-23,,,60991.0,14.0233,,
M0747,A,M,1975-04-16,1997-04-15,,,93829.0,28.7118,,
M0748,A,M,1967-11-19,2009-08-10,,,43515.0,16.3915,,
M0749,P,M,1942-10-08,1995-05-22,,2007-10-08,,12.3806,,11824.34
M0750,A,F,1970-05-13,2012-07-03,,,90831.0,13.4949,,
M0751,A,F,1982-06-21,2012-12-09,,,80677.0,13.0595,,
M0752,D,F,1982-07-20,2011-05-20,2019-11-26,,,8.5202,4694.03,
M0753,A,M,1969-11-14,1993-09-03,,,49904.0,32.3258,,
M0754,D,M,1979-10-07,2003-06-11,2006-08-08,,,3.1595,8497.79,
M0755,P,M,1953-10-21,1992-10-14,,2018-10-21,,26.0178,,8905.9
M0756,P,F,1951-10-18,2004-08-03,,2016-10-18,,12.2081,,27517.13
M0757,P,M,1954-09-23,1983-01-20,,2019-09-23,,36.6735,,19727.82
M0758,P,M,1955-06-28,1987-07-29,,2020-06-28,,32.9172,,19274.49
M0759,P,M,1956-07-23,1981-10-16,,2021-07-23,,39.7673,,13644.2
M0760,P,M,1929-12-31,1961-07-23,,1994-12-31,,33.4401,,8168.0
M0761,D,M,1967-07-15,1993-08-08,2003-09-12,,,10.0945,4114.14,
M0762,P,M,1950-08-21,1982-12-20,,2015-08-21,,32.668,,27528.75
M0763,D,F,1961-09-29,2008-10-18,2011-10-05,,,2.9624,5310.14,
M0764,P,F,1959-02-04,1985-06-11,,2024-02-04,,38.6502,,31785.25
M0765,P,M,1954-07-06,1981-10-14,,2019-07-06,,37.7248,,8168.0
M0766,P,F,1945-10-02,1992-05-15,,2010-10-02,,18.3819,,17355.86
M0767,P,M,1946-07-30,1972-05-30,,2011-07-30,,39.165,,9284.77
M0768,P,M,1950-07-07,1994-02-15,,2015-07-07,,21.3881,,18905.53
M0769,P,F,1955-04-20,1986-07-23,,2020-04-20,,33.744,,16718.95
M0770,P,M,1959-02-25,2002-11-17,,2024-02-25,,21.2731,,23940.39
M0771,A,F,1962-09-21,2005-09-28,,,64382.0,20.2574,,
M0772,A,F,1983-05-23,2010-10-05,,,42772.0,15.2389,,
M0773,D,M,1985-05-19,2011-04-15,2020-03-30,,,8.9582,5474.15,
M0774,P,M,1953-04-23,1998-05-10,,2018-04-23,,19.9535,,22773.21
M0775,P,F,1945-11-26,1980-12-26,,2010-11-26,,29.9165,,17676.61
M0776,D,F,1962-04-20,1997-09-17,2013-05-18,,,15.666,2892.79,
M0777,A,M,1974-02-12,2004-01-06,,,54965.0,21.9849,,
M0778,A,F,1979-10-18,2009-05-26,,,53072.0,16.5996,,
M0779,P,M,1953-04-15,2006-12-17,,2018-04-15,,11.3265,,14935.57
M0780,P,M,1956-10-16,1985-10-04,,2021-10-16,,36.0329,,23954.45
M0781,D,M,1982-04-28,2012-01-16,2019-02-16,,,7.0856,9512.38,
M0782,A,F,1979-07-26,2003-04-14,,,45367.0,22.7159,,
M0783,P,M,1958-08-29,2012-02-15,,2023-08-29,,11.5346,,45945.0
M0784,D,M,1973-06-08,1997-06-13,2012-05-19,,,14.9322,3931.76,
M0785,P,M,1956-03-05,2008-06-03,,2021-03-05,,12.7529,,13687.33
M0786,P,F,1955-08-17,1996-06-16,,2020-08-17,,24.1697,,24193.36
M0787,A,M,1973-08-15,2012-07-21,,,58421.0,13.4456,,
M0788,D,M,1968-01-14,1990-07-14,2000-01-18,,,9.514,6001.61,
M0789,D,F,1965-10-22,1994-06-22,2003-01-06,,,8.5421,6312.49,
M0790,P,M,1959-04-20,2013-01-07,,2024-04-20,,11.2827,,16052.84
M0791,A,M,1987-06-05,2009-06-04,,,59571.0,16.5749,,
M0792,P,F,1958-04-17,2000-11-03,,2023-04-17,,22.4504,,25576.37
M0793,P,M,1954-10-07,1989-09-11,,2019-10-07,,30.0698,,15158.79
M0794,A,M,1978-10-14,2005-10-12,,,67769.0,20.219,,
M0795,A,M,1973-04-30,1995-05-01,,,49415.0,30.6694,,
M0796,P,M,1957-01-20,2004-02-04,,2022-01-20,,17.9603,,12103.69
M0797,P,M,1954-09-28,1994-12-11,,2019-09-28,,24.7967,,20219.58
M0798,D,M,1989-10-11,2012-05-23,2020-08-31,,67853.0,8.2738,6194.34,
M0799,D,M,1967-08-15,1995-09-26,2015-08-04,,60706.0,19.8549,6040.34,
M0800,D,M,1961-05-19,1993-05-11,2014-04-28,,,20.9637,3291.12,
M0801,P,F,1957-06-15,1986-05-29,,2022-06-15,,36.0465,,34115.05
M0802,D,F,1968-05-26,1994-09-11,2007-10-12,,,13.0842,5868.01,
M0803,P,F,1929-12-31,1958-06-11,,1994-12-31,,36.5558,,13260.32
M0804,P,F,1957-07-13,1996-03-18,,2022-07-13,,26.319,,15689.62
M0805,P,M,1955-06-16,2006-11-25,,2020-06-16,,13.5578,,16027.96
M0806,A,M,1979-09-25,2004-04-20,,,68836.0,21.6975,,
M0807,D,F,1976-12-06,2001-04-05,2005-08-21,,,4.3778,5523.49,
M0808,D,M,1964-08-31,1993-06-24,2012-04-17,,,18.8145,2875.22,
M0809,A,M,1989-12-31,2012-01-01,,,102875.0,13.9986,,
M0810,A,M,1968-06-24,2005-12-29,,,86193.0,20.0055,,
M0811,D,M,1969-08-05,2004-10-20,2008-09-09,,,3.8877,5622.59,
M0812,P,F,1959-01-22,1986-03-25,,2024-01-22,,37.8289,,45108.53
M0813,P,M,1959-02-25,1984-04-14,,2024-02-25,,39.8658,,11113.49
M0814,P,F,1929-12-31,1971-10-19,,1994-12-31,,23.2005,,19710.86
M0815,P,F,1958-09-19,2006-04-12,,2023-09-19,,17.4374,,11266.43
M0816,P,M,1950-09-01,1978-08-07,,2015-09-01,,37.0678,,9005.45
M0817,D,M,1967-09-21,2004-03-15,2007-06-11,,,3.2389,8918.8,
M0818,D,F,1986-03-29,2010-09-05,2020-04-15,,,9.6099,20000.0,
M0819,D,M,1964-09-29,1998-03-05,2008-10-18,,,10.6229,4303.31,
M0820,P,F,1952-03-28,1991-10-13,,2017-03-28,,25.4565,,31985.45
M0821,A,M,1982-02-26,2009-10-04,,,57903.0,16.2409,,
M0822,D,F,1985-07-05,2012-12-31,2018-01-07,,,5.0185,7979.81,
M0823,A,M,1985-03-04,2007-03-05,,,54814.0,18.8255,,
M0824,D,M,1989-11-12,2012-11-13,2023-05-09,,,10.4832,4773.7,
M0825,D,F,1979-03-06,2010-09-25,2019-04-26,,,8.5832,5471.2,
M0826,D,F,1977-05-13,2000-10-01,2004-09-02,,,3.9206,14550.16,
M0827,P,F,1951-06-09,2006-04-24,,2016-06-09,,10.1273,,27439.54
M0828,P,M,1950-10-23,1999-10-18,,2015-10-23,,16.0137,,24597.17
M0829,A,F,1971-05-22,2005-07-07,,,62141.0,20.4846,,
M0830,A,F,1965-06-13,1994-04-29,,,42053.0,31.6742,,
M0831,A,M,1977-02-21,1999-02-22,,,43386.0,26.8556,,
M0832,D,F,1965-11-17,1992-07-08,2005-05-22,,,12.8706,4776.92,
M0833,D,M,1986-03-14,2009-12-20,2012-03-19,,,2.245,6205.04,
M0835,D,M,1975-03-28,2000-10-06,2008-04-20,,,7.5373,5947.07,
M0836,D,M,1989-04-05,2012-12-06,2021-02-10,,,8.1807,9517.89,
M0837,A,M,1974-06-19,1996-06-19,,,41533.0,29.5332,,
M0838,D,M,1967-05-11,1993-10-06,2004-07-15,,,10.7734,12925.63,
M0839,P,M,1957-10-27,2012-03-24,,2022-10-27,,10.5927,,25015.05
M0840,A,M,1972-01-19,1994-01-19,,,91306.0,31.948,,
M0841,P,F,1960-11-04,2001-07-14,2004-05-19,2025-11-04,,2.8474,,7923.0
M0842,D,M,1972-10-09,1998-06-28,2005-10-23,,,7.321,5029.28,
M0843,P,F,1956-10-18,1999-02-24,,2021-10-18,,22.6475,,24322.57
M0844,D,F,1977-04-09,1999-06-10,2005-06-17,,,6.0205,10962.2,
M0845,P,F,1951-07-20,2006-05-21,,2016-07-20,,10.1656,,16926.6
M0846,P,M,1960-04-14,1994-07-23,2000-09-26,2025-04-14,,6.1793,,14054.3
M0847,A,F,1974-10-16,1996-10-16,,,50222.0,29.2074,,
M0848,A,F,1977-05-18,2000-03-14,,,58243.0,25.7988,,
M0849,D,F,1976-07-17,1999-09-11,2004-02-28,,,4.4654,4707.19,
M0850,P,M,1944-08-22,1990-12-28,,2009-08-22,,18.6502,,18200.77
M0851,D,M,1985-05-17,2011-07-14,2022-08-22,,,11.1075,5096.32,
M0852,P,M,1956-08-18,1985-03-30,,2021-08-18,,36.386,,22352.59
M0853,D,F,1988-06-08,2011-10-31,2022-08-09,,,10.7734,3425.33,
M0854,P,F,1943-01-17,1991-11-13,,2008-01-17,,16.178,,21486.36
M0855,D,F,1978-04-05,2010-08-08,2018-09-07,,,8.0821,7670.77,
M0856,D,M,1972-05-07,2002-07-13,2025-07-01,,,22.9678,11105.54,
M0857,A,F,1975-12-11,1997-12-10,,,99787.0,28.0575,,
M0858,A,M,1968-04-21,2009-10-28,,,72837.0,16.1752,,
M0858,A,M,1968-04-21,2009-10-28,,,72837.0,16.1752,,
M0859,A,M,1982-06-23,2005-06-22,,,77098.0,20.5257,,
M0860,P,M,1944-03-16,1976-09-12,,2009-03-16,,32.5065,,17030.88
M0861,P,M,1958-07-17,1993-04-04,,2023-07-17,,30.2834,,15650.9
M0862,D,M,1965-07-04,2001-02-21,2020-08-18,,,19.488,2984.4,
M0863,D,M,1980-11-27,2011-03-05,2014-01-03,,,2.8337,2089.75,
M0864,D,M,1963-11-06,1987-03-22,2008-02-03,,,20.8706,4557.8,
M0865,P,F,1960-03-24,1995-03-31,2020-11-18,2025-03-24,,25.6372,,8713.94
M0866,A,F,1979-10-08,2006-02-20,,,56904.0,19.8604,,
M0868,A,M,1968-11-20,2002-09-14,,,63740.0,23.2964,,
M0869,P,M,1958-06-24,1991-11-21,,2023-06-24,,31.5893,,19180.87
M0870,A,M,1974-12-26,1996-12-25,,,61236.0,29.0157,,
M0871,P,F,1955-01-04,2009-10-18,,2020-01-04,,10.2122,,13326.4
M0872,A,M,1967-02-18,2003-07-20,,,84767.0,22.4504,,
M0873,D,M,1981-12-02,2008-12-23,2016-05-06,,,7.3676,10368.26,
M0874,P,M,1959-12-14,1989-06-13,,2024-12-14,,35.5044,,10770.35
M0875,A,M,1961-02-10,1991-07-25,,,44637.0,34.4367,,
M0876,D,M,1972-04-28,2011-12-07,2016-12-28,,,5.0595,3222.86,
M0877,P,M,1950-03-13,1985-06-26,,2015-03-13,,29.7112,,27707.79
M0878,D,M,1978-11-13,2010-12-23,2021-08-25,,,10.6721,4666.21,
M0879,A,M,1966-02-01,2004-09-02,,,57161.0,21.3279,,
M0880,A,M,1981-11-24,2005-04-03,,,102191.0,30.6062,,
M0881,A,F,1967-02-11,2009-12-10,,,53566.0,16.0575,,
M0882,D,F,1972-03-16,2012-04-26,2018-03-12,,,5.8754,6152.59,
M0883,D,M,1970-04-02,1993-09-03,2012-07-26,,,18.8939,5722.24,
M0884,D,M,1964-10-16,1989-02-03,2013-08-24,,,24.553,6577.39,
M0885,D,M,1966-09-05,1994-06-05,2013-09-26,,,19.3101,4529.53,
M0887,P,F,1949-09-15,1984-09-08,,2014-09-15,,30.0178,,11337.61
M0888,A,M,1969-12-06,2006-10-06,,,104323.0,19.2361,,
M0889,A,F,1975-02-23,1997-09-14,,,121897.0,28.2957,,
M0890,P,M,1948-07-31,1975-09-19,,2013-07-31,,37.8645,,26967.91
M0891,P,M,1959-05-24,2006-09-08,,2024-05-24,,17.7084,,30111.85
M0892,A,F,1973-06-14,2002-06-16,,,51396.0,23.5428,,
M0893,D,F,1988-08-10,2011-03-27,2016-03-15,,,4.9692,6048.01,
M0894,A,M,1969-06-15,1992-04-23,,,59110.0,33.6893,,
M0895,D,F,1986-04-24,2012-08-28,2024-02-18,,,11.4743,9021.45,
M0896,D,M,1979-04-26,2007-09-02,2024-05-02,,,16.6653,2174.88,
M0897,P,F,1955-12-10,1999-10-14,,2020-12-10,,21.1581,,32423.73
M0898,A,M,1978-09-21,2009-07-30,,,47749.0,16.4216,,
M0899,D,M,1971-06-24,1996-03-24,2016-05-09,,,20.1259,20000.0,
M0900,P,F,1950-12-04,1983-05-23,,2015-12-04,,32.5339,,15268.17
M0901,P,M,1952-06-25,1996-01-28,,2017-06-25,,21.4073,,18685.45
M0902,P,F,1958-01-28,1993-06-26,,2023-01-28,,29.5907,,13984.68
M0903,A,F,1961-05-23,1992-08-06,,,70187.0,33.4018,,
M0904,P,M,1960-01-04,1992-03-18,,2025-01-04,,32.7995,,18154.85
M0905,A,F,1974-09-28,2005-01-05,,,65857.0,20.9856,,
M0906,D,M,1978-06-13,2005-12-28,2016-03-06,,,10.1875,6378.62,
M0907,D,M,1984-07-25,2007-09-28,2013-07-24,,,5.8207,4047.01,
M0909,D,M,1968-02-04,2000-05-07,2013-06-23,,,13.128,3888.52,
M0910,P,M,1958-10-14,2001-11-01,,2023-10-14,,21.9493,,42399.91
M0911,A,M,1972-03-11,2000-03-13,,,78065.0,25.8015,,
M0912,A,M,1973-03-18,2002-08-30,,,59360.0,23.3374,,
M0913,D,M,1986-05-03,2009-05-30,2024-02-05,,,14.6858,8424.81,
M0914,A,F,1968-12-05,1995-01-30,,,72114.0,30.9185,,
M0915,D,M,1988-08-30,2012-09-15,2016-04-15,,,3.5811,5738.83,
M0916,D,M,1984-02-22,2008-04-24,2024-09-09,,,16.3778,6657.06,
M0917,P,M,1949-08-24,1986-10-12,,2014-08-24,,27.8658,,26061.27
M0918,P,M,1959-12-27,2001-04-20,,2024-12-27,,23.6879,,19432.86
M0919,P,M,1955-07-12,1998-02-05,,2020-07-12,,22.4312,,19626.77
M0920,P,M,1955-06-30,1980-12-09,,2020-06-30,,39.5565,,12894.0
M0921,D,M,1974-11-14,2012-01-25,2023-05-27,,,11.3347,5608.29,
M0922,P,M,1955-07-12,1994-10-11,,2020-07-12,,25.7522,,16139.57
M0923,A,F,1965-06-14,2011-09-21,,,41961.0,14.2779,,
M0924,D,M,1971-07-05,1994-06-16,2019-08-14,,,25.1608,8394.97,
M0925,P,M,1958-01-02,1994-06-28,,2023-01-02,,28.5147,,23959.37
M0926,A,M,1982-12-03,2010-12-13,,,66179.0,15.05,,
M0927,D,F,1962-09-28,1988-10-05,2010-12-13,,,22.1875,7630.83,
M0928,A,F,1977-01-15,1999-01-15,,,80974.0,26.9596,,
M0929,P,M,1942-05-22,1985-07-17,,2007-05-22,,21.8453,,18541.86
M0930,D,M,1965-08-16,1994-08-17,2006-01-10,,,11.4004,17898.24,
M0931,D,M,1978-08-16,2012-11-27,2020-04-09,,,7.3648,4242.3,
M0932,A,F,1981-01-16,2004-02-07,,,76655.0,21.8973,,
M0933,P,M,1955-01-03,1996-02-08,,2020-01-03,,23.9014,,17055.55
M0934,D,M,1969-01-25,2008-11-13,2023-01-26,,,14.2012,6341.32,
M0935,P,F,1959-10-23,2000-04-06,,2024-10-23,,24.5476,,15145.05
M0936,A,M,1979-09-30,2001-09-29,,,76283.0,24.2546,,
M0937,P,M,1958-05-08,2006-08-26,,2023-05-08,,16.6982,,8168.0
M0938,P,F,1958-01-13,1995-06-17,,2023-01-13,,27.5756,,31327.34
M0939,P,M,1959-04-28,2003-10-28,,2024-04-28,,20.501,,11885.41
M0940,P,M,1954-10-16,1981-12-04,,2019-10-16,,37.8645,,18853.8
M0941,P,M,1958-05-05,1999-05-02,,2023-05-05,,24.0082,,41198.8
M0942,P,F,1957-05-27,1983-03-19,,2022-05-27,,39.1896,,29517.88
M0943,D,M,1964-05-02,2000-07-10,2005-09-14,,,5.18,9244.48,
M0944,A,M,1979-07-19,2002-11-28,,,80919.0,23.091,,
M0945,P,F,1959-07-25,2000-01-15,,2024-07-25,,24.5257,,8351.93
M0946,A,M,1973-10-03,2002-01-09,,,63597.0,23.9754,,
M0947,A,F,1976-07-04,2002-02-01,,,43008.0,23.9124,,
M0948,D,M,1988-12-21,2011-09-07,2020-02-07,,,8.4189,6101.56,
M0949,D,M,1984-02-12,2009-02-28,2018-08-06,,,9.4346,6681.67,
M0950,D,M,1976-09-13,1999-12-15,2016-12-13,,,16.9966,7951.31,
M0951,A,F,1971-10-21,2000-10-07,,,57071.0,25.232,,
M0952,P,F,1957-06-28,1984-10-15,,2022-06-28,,37.7002,,19212.07
M0953,P,F,1958-02-10,1989-01-10,,2023-02-10,,34.0835,,15835.94
M0954,A,F,1975-07-27,1998-03-31,,,76696.0,27.7536,,
M0955,A,M,1967-03-06,2000-03-18,,,67936.0,25.7878,,
M0956,P,M,1959-06-09,1989-04-30,,2024-06-09,,35.1102,,20017.83
M0957,A,M,1969-05-19,1998-09-21,,,71228.0,27.2772,,
M0958,P,M,1959-12-25,1986-12-29,,2024-12-25,,37.9904,,15052.48
M0959,P,M,1955-07-03,1996-08-10,,2020-07-03,,23.896,,20975.65
M0960,P,F,1957-09-03,1993-03-27,,2022-09-03,,29.4374,,18731.08
M0961,P,F,1944-08-05,1984-11-20,,2009-08-05,,24.7064,,11798.87
M0962,P,F,1960-08-10,1988-12-30,2005-10-16,2025-08-10,,16.794,,13515.36
M0964,A,M,1977-02-12,2001-10-19,,,59921.0,24.1999,,
M0965,P,M,1950-09-02,2003-09-22,,2015-09-02,,11.9452,,12833.62
M0966,A,M,1971-08-02,1993-08-02,,,42131.0,32.4134,,
M0967,A,F,1973-07-14,2008-03-25,,,89467.0,17.7687,,
M0968,P,M,1952-08-22,1999-07-14,,2017-08-22,,18.1081,,30749.39
M0969,P,F,1959-07-07,2007-05-13,,2024-07-07,,17.1526,,16976.08
M0970,D,M,1972-08-11,2012-04-06,2016-09-17,,,4.449,5603.88,
M0971,P,M,1955-04-01,2000-09-10,,2020-04-01,,19.5565,,11585.09
M0972,D,M,1967-08-24,1996-04-14,2006-09-23,,,10.4422,13469.37,
M0973,P,M,1947-09-18,2001-09-12,,2012-09-18,,11.0171,,33737.27
M0974,P,M,1946-04-21,1990-10-11,,2011-04-21,,20.5257,,8331.11
M0975,P,F,1959-05-14,2004-03-27,,2024-05-14,,20.1314,,15872.17
M0976,D,F,1970-03-21,2004-02-03,2024-08-27,,,20.564,6865.93,
M0977,P,M,1958-11-26,1987-03-06,,2023-11-26,,36.7255,,21120.13
M0978,P,M,1954-12-26,1980-10-10,,2019-12-26,,39.2088,,15629.84
M0979,P,M,1959-11-26,1999-05-15,,2024-11-26,,25.5359,,23187.47
M0980,P,M,1942-03-11,1984-04-05,,2007-03-11,,22.9295,,8168.0
M0981,D,M,1983-12-28,2011-08-30,2023-12-16,,,12.2957,9571.54,
M0982,D,M,1989-07-09,2011-09-03,2014-11-14,,,3.1978,8418.75,
M0983,A,M,1967-08-04,1993-09-14,,,51019.0,32.2957,,
M0984,P,M,1956-02-15,1991-07-24,,2021-02-15,,29.5661,,19292.86
M0985,D,M,1977-01-01,2000-12-12,2005-08-18,,,4.6817,2000.0,
M0986,P,F,1952-10-17,1986-02-28,,2017-10-17,,31.6331,,36069.02
M0987,P,F,1952-04-17,1987-08-24,,2017-04-17,,29.6482,,15781.38
M0988,D,F,1961-11-20,1985-08-17,2002-09-10,,,17.065,9921.03,
M0989,P,M,1955-07-24,1984-07-24,,2020-07-24,,36.0,,22568.93
M0990,D,M,1967-09-25,1997-02-02,2014-01-23,,,16.9719,7601.09,
M0991,P,F,1957-03-12,2000-07-21,,2022-03-12,,21.64,,11930.4
M0992,P,F,1950-09-28,1982-05-05,,2015-09-28,,33.399,,11521.02
M0993,P,M,1935-05-25,1967-01-21,,2000-05-25,,33.3415,,20127.62
M0994,P,F,1953-04-03,2006-02-26,,2018-04-03,,12.0986,,19421.38
M0995,P,F,1958-04-06,1988-03-04,,2023-04-06,,35.0883,,13229.18
M0996,D,M,1984-09-24,2008-05-16,2020-08-10,,,12.2355,9346.55,
M0997,P,M,1939-04-01,1975-09-18,,2004-04-01,,28.5366,,33300.05
M0998,P,F,1951-11-09,1998-09-23,,2016-11-09,,18.13,,29543.37
M0999,A,M,1974-12-24,2010-07-04,,,59363.0,15.4935,,
M1000,D,M,1981-05-04,2008-12-15,2011-01-04,,,2.0534,10662.62,
M1001,P,M,1960-03-30,1991-01-07,2024-12-23,2025-03-30,,33.9603,,2182.96
M1002,D,M,1973-03-27,1997-10-13,2009-10-27,,,12.0383,10916.4,
M1003,P,M,1955-09-19,1985-09-17,,2020-09-19,,35.0062,,14694.27
M1004,P,F,1945-09-24,1971-10-05,,2010-09-24,,38.9706,,12675.79
M1005,P,F,1956-06-12,1996-11-28,,2021-06-12,,24.5366,,22908.42
M1007,A,M,1974-06-17,2009-10-03,,2025-03-08,70275.0,16.2437,,
M1008,D,F,1961-07-29,1999-07-23,2022-11-03,,,23.2827,18394.28,
M1009,D,M,1966-05-23,1993-09-17,2003-10-17,,,10.0808,5252.85,
M1010,P,F,1957-09-12,2006-03-02,,2022-09-12,,16.5311,,24263.36
M1011,A,F,1976-06-20,2002-12-30,,,49837.0,23.0034,,
M1012,A,M,1968-09-22,2007-11-09,,,71653.0,18.1437,,
