member_id,event,event_date,old_status,new_status,old_value,new_value
M0001,pension_increase,2025-01-01,P,P,18511.71,18900.46
M0004,salary_increase,2025-01-01,A,A,40000.0,41579.0
M0005,pension_increase,2025-01-01,P,P,25048.79,25574.81
M0006,pension_increase,2025-01-01,P,P,20425.05,20853.98
M0008,pension_increase,2025-01-01,P,P,13521.04,13804.98
M0009,salary_increase,2025-01-01,A,A,59307.0,62904.0
M0011,pension_increase,2025-01-01,P,P,45000.0,45945.0
M0012,pension_increase,2025-01-01,P,P,12413.73,12674.42
M0013,salary_increase,2025-01-01,A,A,78921.0,81469.0
M0014,pension_increase,2025-01-01,P,P,13355.86,13636.33
M0016,pension_increase,2025-01-01,P,P,10607.26,10830.01
M0017,pension_increase,2025-01-01,P,P,19912.86,20331.03
M0018,pension_increase,2025-01-01,P,P,21880.36,22339.85
M0019,pension_increase,2025-01-01,P,P,12731.04,12998.39
M0022,salary_increase,2025-01-01,A,A,53287.0,55470.0
M0023,pension_increase,2025-01-01,P,P,8623.23,8804.32
M0025,salary_increase,2025-01-01,A,A,59727.0,61416.0
M0026,pension_increase,2025-01-01,P,P,23725.84,24224.08
M0027,pension_increase,2025-01-01,P,P,18856.17,19252.15
M0028,pension_increase,2025-01-01,P,P,14277.24,14577.06
M0029,salary_increase,2025-01-01,A,A,61073.0,62347.0
M0030,salary_increase,2025-01-01,A,A,81236.0,85537.0
M0031,pension_increase,2025-01-01,P,P,11948.27,12199.18
M0032,pension_increase,2025-01-01,P,P,19120.52,19522.05
M0033,pension_increase,2025-01-01,P,P,20016.24,20436.58
M0033,death,2025-07-01,P,died,,
M0034,salary_increase,2025-01-01,A,A,52172.0,53897.0
M0036,pension_increase,2025-01-01,P,P,23786.85,24286.37
M0038,salary_increase,2025-01-01,A,A,73682.0,79587.0
M0039,pension_increase,2025-01-01,P,P,15053.64,15369.77
M0040,salary_increase,2025-01-01,A,A,65780.0,68418.0
M0041,salary_increase,2025-01-01,A,A,64912.0,66537.0
M0043,pension_increase,2025-01-01,P,P,24244.67,24753.81
M0044,pension_increase,2025-01-01,P,P,10009.9,10220.11
M0045,salary_increase,2025-01-01,A,A,93576.0,96818.0
M0046,salary_increase,2025-01-01,A,A,45436.0,47869.0
M0047,salary_increase,2025-01-01,A,A,113964.0,116147.0
M0048,salary_increase,2025-01-01,A,A,120000.0,126692.0
M0049,pension_increase,2025-01-01,P,P,14176.18,14473.88
M0050,salary_increase,2025-01-01,A,A,40000.0,41000.0
M0051,salary_increase,2025-01-01,A,A,46287.0,47584.0
M0052,pension_increase,2025-01-01,P,P,20953.72,21393.75
M0053,salary_increase,2025-01-01,A,A,101274.0,103520.0
M0054,salary_increase,2025-01-01,A,A,59614.0,64218.0
M0055,pension_increase,2025-01-01,P,P,26084.67,26632.45
M0056,salary_increase,2025-01-01,A,A,71847.0,72554.0
M0057,salary_increase,2025-01-01,A,A,40357.0,41432.0
M0058,pension_increase,2025-01-01,P,P,13899.53,14191.42
M0059,salary_increase,2025-01-01,A,A,118179.0,118042.0
M0061,pension_increase,2025-01-01,P,P,11814.88,12062.99
M0062,pension_increase,2025-01-01,P,P,8000.0,8168.0
M0064,pension_increase,2025-01-01,P,P,15007.09,15322.24
M0066,pension_increase,2025-01-01,P,P,13422.12,13703.98
M0067,salary_increase,2025-01-01,A,A,76512.0,79815.0
M0068,salary_increase,2025-01-01,A,A,91769.0,93981.0
M0069,pension_increase,2025-01-01,P,P,21770.97,22228.16
M0070,pension_increase,2025-01-01,P,P,24305.55,24815.97
M0072,pension_increase,2025-01-01,P,P,9586.32,9787.63
M0074,pension_increase,2025-01-01,P,P,14622.29,14929.36
M0076,salary_increase,2025-01-01,A,A,77647.0,79437.0
M0078,pension_increase,2025-01-01,P,P,21786.47,22243.99
M0079,pension_increase,2025-01-01,P,P,8000.0,8168.0
M0080,salary_increase,2025-01-01,A,A,60623.0,61545.0
M0081,retirement,2025-02-24,D,P,6465.87,7289.78
M0082,pension_increase,2025-01-01,P,P,25679.3,26218.57
M0084,pension_increase,2025-01-01,P,P,11215.56,11451.09
M0085,salary_increase,2025-01-01,A,A,62139.0,64200.0
M0086,salary_increase,2025-01-01,A,A,71826.0,74758.0
M0087,salary_increase,2025-01-01,A,A,67116.0,70230.0
M0088,salary_increase,2025-01-01,A,A,64848.0,68565.0
M0089,salary_increase,2025-01-01,A,A,48600.0,50515.0
M0091,salary_increase,2025-01-01,A,A,51541.0,54365.0
M0093,salary_increase,2025-01-01,A,A,59115.0,61157.0
M0094,salary_increase,2025-01-01,A,A,97290.0,101473.0
M0096,pension_increase,2025-01-01,P,P,8383.68,8559.74
M0097,pension_increase,2025-01-01,P,P,14937.15,15250.83
M0099,pension_increase,2025-01-01,P,P,14312.19,14612.75
M0101,salary_increase,2025-01-01,A,A,100125.0,101586.0
M0102,salary_increase,2025-01-01,A,A,67803.0,68552.0
M0104,pension_increase,2025-01-01,P,P,20898.9,21337.78
M0105,salary_increase,2025-01-01,A,A,85614.0,90649.0
M0106,pension_increase,2025-01-01,P,P,17795.9,18169.61
M0108,salary_increase,2025-01-01,A,A,42747.0,45365.0
M0109,salary_increase,2025-01-01,A,A,56666.0,57475.0
M0110,retirement,2025-07-25,D,P,2958.33,3886.07
M0111,salary_increase,2025-01-01,A,A,104345.0,106004.0
M0114,pension_increase,2025-01-01,P,P,16715.47,17066.49
M0116,salary_increase,2025-01-01,A,A,54898.0,56721.0
M0117,salary_increase,2025-01-01,A,A,66531.0,68899.0
M0118,pension_increase,2025-01-01,P,P,27651.74,28232.43
M0119,pension_increase,2025-01-01,P,P,32478.71,33160.76
M0120,retirement,2025-09-09,D,P,19671.38,22830.09
M0124,pension_increase,2025-01-01,P,P,15339.38,15661.51
M0125,salary_increase,2025-01-01,A,A,55005.0,57931.0
M0126,salary_increase,2025-01-01,A,A,56126.0,57051.0
M0127,pension_increase,2025-01-01,P,P,9142.82,9334.82
M0128,pension_increase,2025-01-01,P,P,14163.55,14460.98
M0129,pension_increase,2025-01-01,P,P,8953.82,9141.85
M0135,pension_increase,2025-01-01,P,P,16317.12,16659.78
M0136,pension_increase,2025-01-01,P,P,14584.98,14891.26
M0137,pension_increase,2025-01-01,P,P,23353.98,23844.41
M0138,pension_increase,2025-01-01,P,P,22508.53,22981.21
M0139,salary_increase,2025-01-01,A,A,41850.0,43001.0
M0140,salary_increase,2025-01-01,A,A,64401.0,66359.0
M0141,pension_increase,2025-01-01,P,P,12148.6,12403.72
M0142,salary_increase,2025-01-01,A,A,59761.0,61326.0
M0144,salary_increase,2025-01-01,A,A,90801.0,92911.0
M0145,pension_increase,2025-01-01,P,P,22751.68,23229.47
M0147,pension_increase,2025-01-01,P,P,8000.0,8168.0
M0149,pension_increase,2025-01-01,P,P,28009.59,28597.79
M0150,pension_increase,2025-01-01,P,P,34058.98,34774.22
M0151,pension_increase,2025-01-01,P,P,12382.24,12642.27
M0152,pension_increase,2025-01-01,P,P,23580.2,24075.38
M0152,death,2025-07-01,P,died,,
M0153,pension_increase,2025-01-01,P,P,17798.27,18172.03
M0156,salary_increase,2025-01-01,A,A,87662.0,89858.0
M0157,salary_increase,2025-01-01,A,A,96367.0,99741.0
M0158,salary_increase,2025-01-01,A,A,56391.0,59087.0
M0160,salary_increase,2025-01-01,A,A,54320.0,56091.0
M0161,salary_increase,2025-01-01,A,A,61074.0,63612.0
M0161,retirement,2025-01-04,A,P,,8887.34
M0162,salary_increase,2025-01-01,A,A,93908.0,97958.0
M0163,salary_increase,2025-01-01,A,A,48074.0,49249.0
M0164,pension_increase,2025-01-01,P,P,14615.53,14922.46
M0165,salary_increase,2025-01-01,A,A,89349.0,91613.0
M0166,salary_increase,2025-01-01,A,A,69921.0,71484.0
M0168,pension_increase,2025-01-01,P,P,32600.91,33285.53
M0169,salary_increase,2025-01-01,A,A,60268.0,61360.0
M0170,pension_increase,2025-01-01,P,P,23463.07,23955.79
M0172,salary_increase,2025-01-01,A,A,84520.0,88111.0
M0173,salary_increase,2025-01-01,A,A,87440.0,91834.0
M0174,pension_increase,2025-01-01,P,P,12290.91,12549.02
M0176,salary_increase,2025-01-01,A,A,64025.0,66730.0
M0177,pension_increase,2025-01-01,P,P,17456.46,17823.05
M0178,salary_increase,2025-01-01,A,A,46685.0,47558.0
M0179,pension_increase,2025-01-01,P,P,16563.89,16911.73
M0179,death,2025-07-01,P,died,,
M0180,pension_increase,2025-01-01,P,P,13751.35,14040.13
M0181,salary_increase,2025-01-01,A,A,77321.0,80371.0
M0183,pension_increase,2025-01-01,P,P,21405.51,21855.03
M0184,salary_increase,2025-01-01,A,A,41685.0,42758.0
M0185,pension_increase,2025-01-01,P,P,17185.08,17545.97
M0186,pension_increase,2025-01-01,P,P,15228.83,15548.64
M0187,pension_increase,2025-01-01,P,P,14049.39,14344.43
M0188,pension_increase,2025-01-01,P,P,8000.0,8168.0
M0189,pension_increase,2025-01-01,P,P,16999.26,17356.24
M0192,pension_increase,2025-01-01,P,P,28325.93,28920.77
M0193,pension_increase,2025-01-01,P,P,21799.66,22257.45
M0194,salary_increase,2025-01-01,A,A,101082.0,106635.0
M0195,pension_increase,2025-01-01,P,P,11090.37,11323.27
M0196,salary_increase,2025-01-01,A,A,65030.0,66723.0
M0197,salary_increase,2025-01-01,A,A,58293.0,60975.0
M0199,pension_increase,2025-01-01,P,P,23921.5,24423.85
M0200,pension_increase,2025-01-01,P,P,12315.7,12574.33
M0201,salary_increase,2025-01-01,A,A,76429.0,79069.0
M0203,salary_increase,2025-01-01,A,A,95219.0,97014.0
M0204,salary_increase,2025-01-01,A,A,78017.0,81403.0
M0205,salary_increase,2025-01-01,A,A,115314.0,119529.0
M0206,pension_increase,2025-01-01,P,P,33028.17,33721.76
M0207,salary_increase,2025-01-01,A,A,50150.0,50749.0
M0208,pension_increase,2025-01-01,P,P,26809.16,27372.15
M0211,salary_increase,2025-01-01,A,A,48558.0,49253.0
M0212,pension_increase,2025-01-01,P,P,22362.58,22832.19
M0213,pension_increase,2025-01-01,P,P,16204.74,16545.04
M0214,pension_increase,2025-01-01,P,P,23371.69,23862.5
M0216,pension_increase,2025-01-01,P,P,16930.06,17285.59
M0217,salary_increase,2025-01-01,A,A,64027.0,66826.0
M0218,salary_increase,2025-01-01,A,A,120000.0,126181.0
M0219,pension_increase,2025-01-01,P,P,43061.24,43965.53
M0220,pension_increase,2025-01-01,P,P,40124.35,40966.96
M0224,salary_increase,2025-01-01,A,A,63487.0,64409.0
M0226,pension_increase,2025-01-01,P,P,15762.03,16093.03
M0229,salary_increase,2025-01-01,A,A,48180.0,50526.0
M0230,pension_increase,2025-01-01,P,P,45000.0,45945.0
M0231,pension_increase,2025-01-01,P,P,18683.02,19075.36
M0232,pension_increase,2025-01-01,P,P,11797.3,12045.04
M0233,salary_increase,2025-01-01,A,A,120000.0,124432.0
M0236,pension_increase,2025-01-01,P,P,16042.51,16379.4
M0238,pension_increase,2025-01-01,P,P,18765.89,19159.97
M0240,pension_increase,2025-01-01,P,P,15483.69,15808.85
M0241,pension_increase,2025-01-01,P,P,12939.38,13211.11
M0242,pension_increase,2025-01-01,P,P,10464.07,10683.82
M0246,pension_increase,2025-01-01,P,P,15789.94,16121.53
M0248,salary_increase,2025-01-01,A,A,69376.0,71653.0
M0249,salary_increase,2025-01-01,A,A,51114.0,51801.0
M0250,salary_increase,2025-01-01,A,A,68478.0,70795.0
M0251,pension_increase,2025-01-01,P,P,17865.79,18240.97
M0252,salary_increase,2025-01-01,A,A,91712.0,95186.0
M0253,pension_increase,2025-01-01,P,P,16787.07,17139.6
M0254,pension_increase,2025-01-01,P,P,45000.0,45945.0
M0255,pension_increase,2025-01-01,P,P,15539.53,15865.86
M0256,pension_increase,2025-01-01,P,P,45000.0,45945.0
M0257,pension_increase,2025-01-01,P,P,22140.0,22604.94
M0258,pension_increase,2025-01-01,P,P,20123.05,20545.63
M0259,pension_increase,2025-01-01,P,P,36472.03,37237.94
M0260,pension_increase,2025-01-01,P,P,13437.5,13719.69
M0265,salary_increase,2025-01-01,A,A,78110.0,79617.0
M0266,salary_increase,2025-01-01,A,A,75310.0,77080.0
M0267,pension_increase,2025-01-01,P,P,19910.4,20328.52
M0271,salary_increase,2025-01-01,A,A,67201.0,70388.0
M0273,pension_increase,2025-01-01,P,P,14989.46,15304.24
M0275,pension_increase,2025-01-01,P,P,19662.6,20075.51
M0276,pension_increase,2025-01-01,P,P,13046.09,13320.06
M0277,pension_increase,2025-01-01,P,P,27788.42,28371.98
M0279,pension_increase,2025-01-01,P,P,15375.42,15698.3
M0281,pension_increase,2025-01-01,P,P,22130.45,22595.19
M0282,pension_increase,2025-01-01,P,P,13188.14,13465.09
M0282,death,2025-07-01,P,died,,
M0284,salary_increase,2025-01-01,A,A,54506.0,57304.0
M0285,salary_increase,2025-01-01,A,A,67719.0,68958.0
M0287,pension_increase,2025-01-01,P,P,32651.88,33337.57
M0289,pension_increase,2025-01-01,P,P,20958.21,21398.33
M0290,salary_increase,2025-01-01,A,A,63664.0,66770.0
M0292,salary_increase,2025-01-01,A,A,65063.0,68037.0
M0292,withdrawal,2025-07-01,A,D,,17487.32
M0293,salary_increase,2025-01-01,A,A,45767.0,47888.0
M0294,pension_increase,2025-01-01,P,P,35120.27,35857.8
M0295,salary_increase,2025-01-01,A,A,55680.0,57403.0
M0296,pension_increase,2025-01-01,P,P,20375.88,20803.77
M0297,salary_increase,2025-01-01,A,A,120000.0,125603.0
M0298,pension_increase,2025-01-01,P,P,8000.0,8168.0
M0299,pension_increase,2025-01-01,P,P,12202.32,12458.57
M0300,pension_increase,2025-01-01,P,P,31872.2,32541.52
M0301,pension_increase,2025-01-01,P,P,12080.82,12334.52
M0302,pension_increase,2025-01-01,P,P,18227.62,18610.4
M0303,pension_increase,2025-01-01,P,P,11696.64,11942.27
M0305,pension_increase,2025-01-01,P,P,11084.41,11317.18
M0306,pension_increase,2025-01-01,P,P,45000.0,45945.0
M0309,salary_increase,2025-01-01,A,A,45376.0,46772.0
M0310,pension_increase,2025-01-01,P,P,45000.0,45945.0
M0314,salary_increase,2025-01-01,A,A,43725.0,44777.0
M0314,withdrawal,2025-07-01,A,D,,5815.66
M0315,pension_increase,2025-01-01,P,P,22661.91,23137.81
M0316,salary_increase,2025-01-01,A,A,78022.0,81847.0
M0317,salary_increase,2025-01-01,A,A,42487.0,44450.0
M0318,salary_increase,2025-01-01,A,A,78723.0,78441.0
M0319,salary_increase,2025-01-01,A,A,47760.0,49097.0
M0320,retirement,2025-09-11,D,P,6869.95,7910.44
M0322,pension_increase,2025-01-01,P,P,14982.17,15296.8
M0325,pension_increase,2025-01-01,P,P,8000.0,8168.0
M0328,salary_increase,2025-01-01,A,A,99809.0,104895.0
M0329,salary_increase,2025-01-01,A,A,62858.0,65561.0
M0330,pension_increase,2025-01-01,P,P,29353.2,29969.62
M0330,death,2025-07-01,P,died,,
M0331,pension_increase,2025-01-01,P,P,19426.93,19834.9
M0332,pension_increase,2025-01-01,P,P,14910.88,15224.01
M0333,pension_increase,2025-01-01,P,P,10815.43,11042.55
M0335,pension_increase,2025-01-01,P,P,26885.74,27450.34
M0337,salary_increase,2025-01-01,A,A,57520.0,59812.0
M0338,pension_increase,2025-01-01,P,P,36263.37,37024.9
M0339,salary_increase,2025-01-01,A,A,71821.0,72455.0
M0340,pension_increase,2025-01-01,P,P,14996.91,15311.85
M0342,salary_increase,2025-01-01,A,A,60297.0,62126.0
M0343,pension_increase,2025-01-01,P,P,13699.2,13986.88
M0344,salary_increase,2025-01-01,A,A,120000.0,123411.0
M0345,salary_increase,2025-01-01,A,A,79691.0,83588.0
M0346,pension_increase,2025-01-01,P,P,22402.15,22872.6
M0347,pension_increase,2025-01-01,P,P,8999.19,9188.17
M0348,pension_increase,2025-01-01,P,P,10281.61,10497.52
M0349,pension_increase,2025-01-01,P,P,10298.29,10514.55
M0350,pension_increase,2025-01-01,P,P,8547.94,8727.45
M0353,salary_increase,2025-01-01,A,A,57135.0,57814.0
M0355,salary_increase,2025-01-01,A,A,69155.0,72223.0
M0358,pension_increase,2025-01-01,P,P,28663.44,29265.37
M0359,pension_increase,2025-01-01,P,P,33644.88,34351.42
M0360,pension_increase,2025-01-01,P,P,19106.87,19508.11
M0361,salary_increase,2025-01-01,A,A,44341.0,46074.0
M0362,pension_increase,2025-01-01,P,P,23635.05,24131.39
M0363,pension_increase,2025-01-01,P,P,15175.06,15493.74
M0364,pension_increase,2025-01-01,P,P,27156.48,27726.77
M0365,pension_increase,2025-01-01,P,P,11984.35,12236.02
M0367,salary_increase,2025-01-01,A,A,52203.0,52936.0
M0368,pension_increase,2025-01-01,P,P,14638.03,14945.43
M0369,salary_increase,2025-01-01,A,A,52767.0,55322.0
M0370,salary_increase,2025-01-01,A,A,40000.0,40148.0
M0372,pension_increase,2025-01-01,P,P,14247.3,14546.49
M0373,pension_increase,2025-01-01,P,P,15155.0,15473.26
M0375,pension_increase,2025-01-01,P,P,16726.58,17077.84
M0376,pension_increase,2025-01-01,P,P,14381.32,14683.33
M0377,pension_increase,2025-01-01,P,P,24229.72,24738.54
M0378,pension_increase,2025-01-01,P,P,14631.35,14938.61
M0380,pension_increase,2025-01-01,P,P,18070.18,18449.65
M0381,salary_increase,2025-01-01,A,A,71020.0,71826.0
M0382,salary_increase,2025-01-01,A,A,46019.0,47376.0
M0384,pension_increase,2025-01-01,P,P,10524.9,10745.92
M0385,pension_increase,2025-01-01,P,P,9303.14,9498.51
M0387,retirement,2025-04-26,D,P,4762.86,7312.7
M0388,pension_increase,2025-01-01,P,P,22175.46,22641.14
M0389,pension_increase,2025-01-01,P,P,29343.67,29959.89
M0392,pension_increase,2025-01-01,P,P,9254.79,9449.14
M0394,pension_increase,2025-01-01,P,P,11023.96,11255.46
M0397,pension_increase,2025-01-01,P,P,11450.18,11690.63
M0398,salary_increase,2025-01-01,A,A,68390.0,70977.0
M0399,salary_increase,2025-01-01,A,A,56455.0,58680.0
M0400,pension_increase,2025-01-01,P,P,23588.22,24083.57
M0404,pension_increase,2025-01-01,P,P,26574.71,27132.78
M0408,pension_increase,2025-01-01,P,P,16369.84,16713.61
M0409,salary_increase,2025-01-01,A,A,79129.0,85091.0
M0409,withdrawal,2025-07-01,A,D,,20294.04
M0410,salary_increase,2025-01-01,A,A,55807.0,58377.0
M0411,salary_increase,2025-01-01,A,A,86456.0,88614.0
M0413,pension_increase,2025-01-01,P,P,22631.42,23106.68
M0414,pension_increase,2025-01-01,P,P,18305.02,18689.43
M0416,pension_increase,2025-01-01,P,P,13364.06,13644.71
M0418,salary_increase,2025-01-01,A,A,76348.0,78077.0
M0421,pension_increase,2025-01-01,P,P,20815.72,21252.85
M0422,pension_increase,2025-01-01,P,P,14036.69,14331.46
M0423,pension_increase,2025-01-01,P,P,11856.2,12105.18
M0424,salary_increase,2025-01-01,A,A,61061.0,63486.0
M0425,pension_increase,2025-01-01,P,P,12745.93,13013.59
M0426,pension_increase,2025-01-01,P,P,12142.62,12397.62
M0427,salary_increase,2025-01-01,A,A,55676.0,58093.0
M0427,retirement,2025-01-04,A,P,,17902.42
M0428,salary_increase,2025-01-01,A,A,88483.0,93941.0
M0430,pension_increase,2025-01-01,P,P,19059.29,19459.54
M0431,salary_increase,2025-01-01,A,A,120000.0,123300.0
M0432,pension_increase,2025-01-01,P,P,18233.32,18616.22
M0433,pension_increase,2025-01-01,P,P,11036.27,11268.03
M0435,death,2025-07-01,D,died,,
M0436,pension_increase,2025-01-01,P,P,19993.89,20413.76
M0437,salary_increase,2025-01-01,A,A,77988.0,81307.0
M0438,pension_increase,2025-01-01,P,P,8407.59,8584.15
M0439,pension_increase,2025-01-01,P,P,28588.04,29188.39
M0440,pension_increase,2025-01-01,P,P,16691.19,17041.7
M0441,pension_increase,2025-01-01,P,P,13243.61,13521.73
M0444,salary_increase,2025-01-01,A,A,62013.0,63565.0
M0445,pension_increase,2025-01-01,P,P,29735.35,30359.79
M0447,pension_increase,2025-01-01,P,P,12470.6,12732.48
M0448,salary_increase,2025-01-01,A,A,54196.0,56003.0
M0450,pension_increase,2025-01-01,P,P,18792.71,19187.36
M0451,pension_increase,2025-01-01,P,P,15226.57,15546.33
M0452,pension_increase,2025-01-01,P,P,37216.04,37997.58
M0453,pension_increase,2025-01-01,P,P,30787.46,31434.0
M0454,pension_increase,2025-01-01,P,P,20812.54,21249.6
M0454,death,2025-07-01,P,died,,
M0457,pension_increase,2025-01-01,P,P,14806.68,15117.62
M0458,pension_increase,2025-01-01,P,P,8000.0,8168.0
M0460,pension_increase,2025-01-01,P,P,16143.47,16482.48
M0462,pension_increase,2025-01-01,P,P,31293.59,31950.76
M0464,pension_increase,2025-01-01,P,P,13330.21,13610.14
M0465,salary_increase,2025-01-01,A,A,70522.0,74198.0
M0466,pension_increase,2025-01-01,P,P,31530.16,32192.29
M0467,pension_increase,2025-01-01,P,P,15112.32,15429.68
M0468,pension_increase,2025-01-01,P,P,20140.38,20563.33
M0468,death,2025-07-01,P,died,,
M0470,pension_increase,2025-01-01,P,P,24349.71,24861.05
M0471,pension_increase,2025-01-01,P,P,14587.04,14893.37
M0472,retirement,2025-11-07,D,P,20000.0,24049.48
M0473,pension_increase,2025-01-01,P,P,31044.62,31696.56
M0474,pension_increase,2025-01-01,P,P,32419.35,33100.16
M0477,pension_increase,2025-01-01,P,P,25051.87,25577.96
M0478,pension_increase,2025-01-01,P,P,29112.2,29723.56
M0479,salary_increase,2025-01-01,A,A,47073.0,49891.0
M0480,salary_increase,2025-01-01,A,A,120000.0,124433.0
M0482,salary_increase,2025-01-01,A,A,72672.0,74226.0
M0483,pension_increase,2025-01-01,P,P,12361.08,12620.66
M0484,salary_increase,2025-01-01,A,A,42058.0,43787.0
M0485,retirement,2025-10-27,D,P,2256.05,3077.01
M0486,salary_increase,2025-01-01,A,A,93169.0,95697.0
M0487,pension_increase,2025-01-01,P,P,13914.01,14206.2
M0489,pension_increase,2025-01-01,P,P,16514.03,16860.82
M0490,salary_increase,2025-01-01,A,A,69550.0,72554.0
M0491,pension_increase,2025-01-01,P,P,24103.96,24610.14
M0492,pension_increase,2025-01-01,P,P,9428.86,9626.87
M0495,salary_increase,2025-01-01,A,A,64398.0,65905.0
M0496,salary_increase,2025-01-01,A,A,68916.0,70827.0
M0497,pension_increase,2025-01-01,P,P,16279.71,16621.58
M0498,pension_increase,2025-01-01,P,P,10539.34,10760.67
M0499,salary_increase,2025-01-01,A,A,56214.0,57599.0
M0500,pension_increase,2025-01-01,P,P,21720.63,22176.76
M0500,death,2025-07-01,P,died,,
M0501,pension_increase,2025-01-01,P,P,8000.0,8168.0
M0502,pension_increase,2025-01-01,P,P,24172.36,24679.98
M0503,pension_increase,2025-01-01,P,P,19072.1,19472.61
M0504,salary_increase,2025-01-01,A,A,46586.0,47006.0
M0505,pension_increase,2025-01-01,P,P,28152.08,28743.27
M0506,pension_increase,2025-01-01,P,P,22252.32,22719.62
M0507,salary_increase,2025-01-01,A,A,76261.0,77357.0
M0509,pension_increase,2025-01-01,P,P,9574.78,9775.85
M0510,pension_increase,2025-01-01,P,P,14586.23,14892.54
M0511,salary_increase,2025-01-01,A,A,86268.0,87768.0
M0512,pension_increase,2025-01-01,P,P,15300.98,15622.3
M0515,pension_increase,2025-01-01,P,P,34293.32,35013.48
M0517,pension_increase,2025-01-01,P,P,10924.23,11153.64
M0518,pension_increase,2025-01-01,P,P,33437.74,34139.93
M0519,pension_increase,2025-01-01,P,P,33966.16,34679.45
M0519,death,2025-07-01,P,died,,
M0520,pension_increase,2025-01-01,P,P,8000.0,8168.0
M0522,pension_increase,2025-01-01,P,P,30084.11,30715.88
M0523,pension_increase,2025-01-01,P,P,35130.9,35868.65
M0524,pension_increase,2025-01-01,P,P,29452.46,30070.96
M0525,pension_increase,2025-01-01,P,P,15612.96,15940.83
M0527,pension_increase,2025-01-01,P,P,28277.13,28870.95
M0528,pension_increase,2025-01-01,P,P,21769.28,22226.43
M0529,pension_increase,2025-01-01,P,P,24713.78,25232.77
M0530,pension_increase,2025-01-01,P,P,12196.94,12453.08
M0531,pension_increase,2025-01-01,P,P,17220.01,17581.63
M0532,salary_increase,2025-01-01,A,A,53757.0,55696.0
M0535,pension_increase,2025-01-01,P,P,20576.27,21008.37
M0537,salary_increase,2025-01-01,A,A,120000.0,123547.0
M0538,salary_increase,2025-01-01,A,A,82472.0,84587.0
M0539,salary_increase,2025-01-01,A,A,49608.0,51661.0
M0539,retirement,2025-01-04,A,P,,10922.63
M0542,pension_increase,2025-01-01,P,P,12308.14,12566.61
M0543,pension_increase,2025-01-01,P,P,18141.59,18522.56
M0544,pension_increase,2025-01-01,P,P,32843.2,33532.91
M0546,pension_increase,2025-01-01,P,P,12241.33,12498.4
M0549,pension_increase,2025-01-01,P,P,15876.01,16209.41
M0550,pension_increase,2025-01-01,P,P,27436.37,28012.53
M0551,pension_increase,2025-01-01,P,P,18122.16,18502.73
M0552,salary_increase,2025-01-01,A,A,54979.0,57214.0
M0553,salary_increase,2025-01-01,A,A,54434.0,55763.0
M0554,salary_increase,2025-01-01,A,A,58375.0,59795.0
M0556,pension_increase,2025-01-01,P,P,24374.08,24885.94
M0557,pension_increase,2025-01-01,P,P,19057.69,19457.9
M0558,pension_increase,2025-01-01,P,P,32239.12,32916.14
M0559,salary_increase,2025-01-01,A,A,60766.0,63016.0
M0560,pension_increase,2025-01-01,P,P,15280.53,15601.42
M0562,salary_increase,2025-01-01,A,A,68980.0,72054.0
M0563,pension_increase,2025-01-01,P,P,25459.02,25993.66
M0564,pension_increase,2025-01-01,P,P,14171.93,14469.54
M0565,salary_increase,2025-01-01,A,A,40000.0,42098.0
M0567,salary_increase,2025-01-01,A,A,62557.0,64384.0
M0569,salary_increase,2025-01-01,A,A,91756.0,92251.0
M0573,salary_increase,2025-01-01,A,A,72329.0,74236.0
M0574,pension_increase,2025-01-01,P,P,45000.0,45945.0
M0575,pension_increase,2025-01-01,P,P,24330.02,24840.95
M0576,pension_increase,2025-01-01,P,P,35102.69,35839.85
M0578,pension_increase,2025-01-01,P,P,25407.45,25941.01
M0581,pension_increase,2025-01-01,P,P,18049.9,18428.95
M0584,salary_increase,2025-01-01,A,A,75206.0,77689.0
M0585,salary_increase,2025-01-01,A,A,84322.0,86638.0
M0586,salary_increase,2025-01-01,A,A,61326.0,61889.0
M0587,pension_increase,2025-01-01,P,P,14395.3,14697.6
M0588,pension_increase,2025-01-01,P,P,14731.34,15040.7
M0589,pension_increase,2025-01-01,P,P,14356.48,14657.97
M0591,pension_increase,2025-01-01,P,P,14982.5,15297.13
M0592,salary_increase,2025-01-01,A,A,61131.0,65098.0
M0593,salary_increase,2025-01-01,A,A,77081.0,78791.0
M0594,pension_increase,2025-01-01,P,P,29433.03,30051.12
M0597,pension_increase,2025-01-01,P,P,21425.66,21875.6
M0598,pension_increase,2025-01-01,P,P,8016.94,8185.3
M0602,pension_increase,2025-01-01,P,P,31212.87,31868.34
M0602,death,2025-07-01,P,died,,
M0605,pension_increase,2025-01-01,P,P,17348.35,17712.67
M0606,salary_increase,2025-01-01,A,A,40000.0,41259.0
M0609,pension_increase,2025-01-01,P,P,15597.31,15924.85
M0611,salary_increase,2025-01-01,A,A,57079.0,58218.0
M0612,salary_increase,2025-01-01,A,A,54354.0,56398.0
M0613,pension_increase,2025-01-01,P,P,19196.3,19599.42
M0614,pension_increase,2025-01-01,P,P,20542.72,20974.12
M0615,pension_increase,2025-01-01,P,P,18052.72,18431.83
M0616,salary_increase,2025-01-01,A,A,62865.0,65035.0
M0617,salary_increase,2025-01-01,A,A,109900.0,113924.0
M0617,retirement,2025-09-23,A,P,,21327.36
M0618,pension_increase,2025-01-01,P,P,8609.17,8789.96
M0620,pension_increase,2025-01-01,P,P,16469.91,16815.78
M0621,salary_increase,2025-01-01,A,A,40000.0,41277.0
M0622,pension_increase,2025-01-01,P,P,21640.45,22094.9
M0623,pension_increase,2025-01-01,P,P,16413.21,16757.89
M0624,pension_increase,2025-01-01,P,P,19144.67,19546.71
M0625,pension_increase,2025-01-01,P,P,12052.02,12305.11
M0628,pension_increase,2025-01-01,P,P,15954.51,16289.55
M0629,pension_increase,2025-01-01,P,P,14043.68,14338.6
M0630,pension_increase,2025-01-01,P,P,23586.8,24082.12
M0631,salary_increase,2025-01-01,A,A,47418.0,49837.0
M0632,pension_increase,2025-01-01,P,P,8000.0,8168.0
M0633,pension_increase,2025-01-01,P,P,22214.59,22681.1
M0637,pension_increase,2025-01-01,P,P,27331.77,27905.74
M0639,pension_increase,2025-01-01,P,P,23501.8,23995.34
M0640,pension_increase,2025-01-01,P,P,19291.14,19696.25
M0646,salary_increase,2025-01-01,A,A,83545.0,87708.0
M0647,pension_increase,2025-01-01,P,P,42582.9,43477.14
M0648,pension_increase,2025-01-01,P,P,25038.78,25564.59
M0649,salary_increase,2025-01-01,A,A,79666.0,81228.0
M0650,pension_increase,2025-01-01,P,P,21960.42,22421.59
M0651,pension_increase,2025-01-01,P,P,36231.51,36992.37
M0653,pension_increase,2025-01-01,P,P,8000.0,8168.0
M0654,pension_increase,2025-01-01,P,P,16748.23,17099.94
M0655,pension_increase,2025-01-01,P,P,17875.3,18250.68
M0657,pension_increase,2025-01-01,P,P,20244.89,20670.03
M0660,pension_increase,2025-01-01,P,P,13166.59,13443.09
M0661,pension_increase,2025-01-01,P,P,11276.24,11513.04
M0662,salary_increase,2025-01-01,A,A,54119.0,55877.0
M0663,pension_increase,2025-01-01,P,P,21368.35,21817.09
M0664,salary_increase,2025-01-01,A,A,83390.0,86224.0
M0665,pension_increase,2025-01-01,P,P,28690.04,29292.53
M0666,pension_increase,2025-01-01,P,P,19006.75,19405.89
M0668,pension_increase,2025-01-01,P,P,10320.15,10536.87
M0669,pension_increase,2025-01-01,P,P,8000.0,8168.0
M0671,pension_increase,2025-01-01,P,P,20248.01,20673.22
M0673,pension_increase,2025-01-01,P,P,33733.1,34441.5
M0674,salary_increase,2025-01-01,A,A,44653.0,46042.0
M0675,salary_increase,2025-01-01,A,A,75629.0,78235.0
M0676,pension_increase,2025-01-01,P,P,12262.6,12520.11
M0678,salary_increase,2025-01-01,A,A,113185.0,115990.0
M0679,salary_increase,2025-01-01,A,A,40000.0,41175.0
M0680,pension_increase,2025-01-01,P,P,11870.48,12119.76
M0681,pension_increase,2025-01-01,P,P,8016.9,8185.25
M0682,pension_increase,2025-01-01,P,P,11792.98,12040.63
M0683,pension_increase,2025-01-01,P,P,23597.52,24093.07
M0685,salary_increase,2025-01-01,A,A,120000.0,125270.0
M0686,salary_increase,2025-01-01,A,A,49216.0,50341.0
M0687,pension_increase,2025-01-01,P,P,26378.0,26931.94
M0688,pension_increase,2025-01-01,P,P,33997.72,34711.67
M0689,salary_increase,2025-01-01,A,A,64419.0,67559.0
M0690,salary_increase,2025-01-01,A,A,71696.0,73737.0
M0693,salary_increase,2025-01-01,A,A,40144.0,42785.0
M0695,pension_increase,2025-01-01,P,P,11847.72,12096.52
M0698,pension_increase,2025-01-01,P,P,16580.43,16928.62
M0699,pension_increase,2025-01-01,P,P,12803.2,13072.07
M0700,salary_increase,2025-01-01,A,A,52750.0,53822.0
M0701,pension_increase,2025-01-01,P,P,25713.63,26253.62
M0702,pension_increase,2025-01-01,P,P,45000.0,45945.0
M0703,salary_increase,2025-01-01,A,A,53329.0,53721.0
M0704,salary_increase,2025-01-01,A,A,57227.0,58628.0
M0705,salary_increase,2025-01-01,A,A,91002.0,93197.0
M0706,salary_increase,2025-01-01,A,A,70213.0,72058.0
M0707,salary_increase,2025-01-01,A,A,78422.0,80802.0
M0709,salary_increase,2025-01-01,A,A,40684.0,41762.0
M0710,retirement,2025-05-06,D,P,8682.72,13640.09
M0711,salary_increase,2025-01-01,A,A,120000.0,123608.0
M0714,salary_increase,2025-01-01,A,A,63780.0,67960.0
M0715,pension_increase,2025-01-01,P,P,11360.24,11598.81
M0717,salary_increase,2025-01-01,A,A,40000.0,40854.0
M0719,salary_increase,2025-01-01,A,A,58314.0,60772.0
M0720,pension_increase,2025-01-01,P,P,10412.53,10631.19
M0721,pension_increase,2025-01-01,P,P,9661.72,9864.62
M0724,pension_increase,2025-01-01,P,P,21126.49,21570.15
M0725,pension_increase,2025-01-01,P,P,18928.79,19326.29
M0726,retirement,2025-07-11,D,P,8040.16,13135.89
M0727,pension_increase,2025-01-01,P,P,25130.57,25658.31
M0728,pension_increase,2025-01-01,P,P,19440.61,19848.86
M0729,pension_increase,2025-01-01,P,P,26961.09,27527.27
M0731,salary_increase,2025-01-01,A,A,95730.0,99245.0
M0732,pension_increase,2025-01-01,P,P,17500.52,17868.03
M0733,salary_increase,2025-01-01,A,A,48636.0,50115.0
M0734,pension_increase,2025-01-01,P,P,28645.01,29246.56
M0736,pension_increase,2025-01-01,P,P,23320.19,23809.91
M0736,death,2025-07-01,P,died,,
M0737,pension_increase,2025-01-01,P,P,19019.48,19418.89
M0738,salary_increase,2025-01-01,A,A,77582.0,82221.0
M0740,salary_increase,2025-01-01,A,A,61074.0,62836.0
M0742,pension_increase,2025-01-01,P,P,18924.68,19322.1
M0743,pension_increase,2025-01-01,P,P,20637.61,21071.0
M0745,pension_increase,2025-01-01,P,P,32338.08,33017.18
M0746,salary_increase,2025-01-01,A,A,57706.0,60991.0
M0747,salary_increase,2025-01-01,A,A,89231.0,93829.0
M0748,salary_increase,2025-01-01,A,A,42996.0,43515.0
M0749,pension_increase,2025-01-01,P,P,11581.14,11824.34
M0750,salary_increase,2025-01-01,A,A,87979.0,90831.0
M0751,salary_increase,2025-01-01,A,A,77998.0,80677.0
M0753,salary_increase,2025-01-01,A,A,47535.0,49904.0
M0755,pension_increase,2025-01-01,P,P,8722.72,8905.9
M0756,pension_increase,2025-01-01,P,P,26951.16,27517.13
M0757,pension_increase,2025-01-01,P,P,19322.06,19727.82
M0758,pension_increase,2025-01-01,P,P,18878.05,19274.49
M0759,pension_increase,2025-01-01,P,P,13363.57,13644.2
M0760,pension_increase,2025-01-01,P,P,8000.0,8168.0
M0762,pension_increase,2025-01-01,P,P,26962.54,27528.75
M0764,pension_increase,2025-01-01,P,P,31131.49,31785.25
M0765,pension_increase,2025-01-01,P,P,8000.0,8168.0
M0766,pension_increase,2025-01-01,P,P,16998.88,17355.86
M0767,pension_increase,2025-01-01,P,P,9093.8,9284.77
M0768,pension_increase,2025-01-01,P,P,18516.68,18905.53
M0769,pension_increase,2025-01-01,P,P,16375.07,16718.95
M0770,pension_increase,2025-01-01,P,P,23447.98,23940.39
M0771,salary_increase,2025-01-01,A,A,63316.0,64382.0
M0772,salary_increase,2025-01-01,A,A,41029.0,42772.0
M0774,pension_increase,2025-01-01,P,P,22304.81,22773.21
M0775,pension_increase,2025-01-01,P,P,17313.04,17676.61
M0777,salary_increase,2025-01-01,A,A,51712.0,54965.0
M0778,salary_increase,2025-01-01,A,A,49619.0,53072.0
M0779,pension_increase,2025-01-01,P,P,14628.37,14935.57
M0780,pension_increase,2025-01-01,P,P,23461.75,23954.45
M0782,salary_increase,2025-01-01,A,A,43208.0,45367.0
M0783,pension_increase,2025-01-01,P,P,45000.0,45945.0
M0785,pension_increase,2025-01-01,P,P,13405.81,13687.33
M0786,pension_increase,2025-01-01,P,P,23695.75,24193.36
M0787,salary_increase,2025-01-01,A,A,57834.0,58421.0
M0790,pension_increase,2025-01-01,P,P,15722.66,16052.84
M0791,salary_increase,2025-01-01,A,A,58102.0,59571.0
M0792,pension_increase,2025-01-01,P,P,25050.31,25576.37
M0793,pension_increase,2025-01-01,P,P,14847.0,15158.79
M0794,salary_increase,2025-01-01,A,A,66311.0,67769.0
M0795,salary_increase,2025-01-01,A,A,46548.0,49415.0
M0796,pension_increase,2025-01-01,P,P,11854.74,12103.69
M0797,pension_increase,2025-01-01,P,P,19803.7,20219.58
M0801,pension_increase,2025-01-01,P,P,33413.37,34115.05
M0803,pension_increase,2025-01-01,P,P,12987.58,13260.32
M0804,pension_increase,2025-01-01,P,P,15366.91,15689.62
M0805,pension_increase,2025-01-01,P,P,15698.3,16027.96
M0806,salary_increase,2025-01-01,A,A,65928.0,68836.0
M0809,salary_increase,2025-01-01,A,A,101367.0,102875.0
M0810,salary_increase,2025-01-01,A,A,84749.0,86193.0
M0812,pension_increase,2025-01-01,P,P,44180.73,45108.53
M0813,pension_increase,2025-01-01,P,P,10884.91,11113.49
M0814,pension_increase,2025-01-01,P,P,19305.45,19710.86
M0815,pension_increase,2025-01-01,P,P,11034.7,11266.43
M0816,pension_increase,2025-01-01,P,P,8820.23,9005.45
M0820,pension_increase,2025-01-01,P,P,31327.57,31985.45
M0821,salary_increase,2025-01-01,A,A,55989.0,57903.0
M0823,salary_increase,2025-01-01,A,A,52831.0,54814.0
M0827,pension_increase,2025-01-01,P,P,26875.16,27439.54
M0828,pension_increase,2025-01-01,P,P,24091.25,24597.17
M0829,salary_increase,2025-01-01,A,A,60141.0,62141.0
M0830,salary_increase,2025-01-01,A,A,41365.0,42053.0
M0831,salary_increase,2025-01-01,A,A,41309.0,43386.0
M0834,pension_increase,2025-01-01,P,P,12437.73,12698.92
M0834,death,2025-07-01,P,died,,
M0837,salary_increase,2025-01-01,A,A,40000.0,41533.0
M0839,pension_increase,2025-01-01,P,P,24500.54,25015.05
M0840,salary_increase,2025-01-01,A,A,88556.0,91306.0
M0841,retirement,2025-11-04,D,P,5642.25,7923.0
M0843,pension_increase,2025-01-01,P,P,23822.3,24322.57
M0845,pension_increase,2025-01-01,P,P,16578.45,16926.6
M0846,retirement,2025-04-14,D,P,8772.64,14054.3
M0847,salary_increase,2025-01-01,A,A,49080.0,50222.0
M0848,salary_increase,2025-01-01,A,A,55425.0,58243.0
M0850,pension_increase,2025-01-01,P,P,17826.42,18200.77
M0852,pension_increase,2025-01-01,P,P,21892.84,22352.59
M0854,pension_increase,2025-01-01,P,P,21044.43,21486.36
M0856,salary_increase,2025-01-01,A,A,49149.0,51577.0
M0856,withdrawal,2025-07-01,A,D,,11105.54
M0857,salary_increase,2025-01-01,A,A,95330.0,99787.0
M0858,salary_increase,2025-01-01,A,A,68877.0,72837.0
M0859,salary_increase,2025-01-01,A,A,74426.0,77098.0
M0860,pension_increase,2025-01-01,P,P,16680.59,17030.88
M0861,pension_increase,2025-01-01,P,P,15328.99,15650.9
M0865,retirement,2025-03-24,D,P,7707.81,8713.94
M0866,salary_increase,2025-01-01,A,A,55624.0,56904.0
M0867,pension_increase,2025-01-01,P,P,14060.26,14355.53
M0867,death,2025-07-01,P,died,,
M0868,salary_increase,2025-01-01,A,A,61737.0,63740.0
M0869,pension_increase,2025-01-01,P,P,18786.36,19180.87
M0870,salary_increase,2025-01-01,A,A,59208.0,61236.0
M0871,pension_increase,2025-01-01,P,P,13052.3,13326.4
M0872,salary_increase,2025-01-01,A,A,82187.0,84767.0
M0874,pension_increase,2025-01-01,P,P,10548.82,10770.35
M0875,salary_increase,2025-01-01,A,A,44069.0,44637.0
M0877,pension_increase,2025-01-01,P,P,27137.89,27707.79
M0879,salary_increase,2025-01-01,A,A,53445.0,57161.0
M0880,salary_increase,2025-01-01,A,A,98887.0,102191.0
M0881,salary_increase,2025-01-01,A,A,53688.0,53566.0
M0886,pension_increase,2025-01-01,P,P,14105.56,14401.78
M0886,death,2025-07-01,P,died,,
M0887,pension_increase,2025-01-01,P,P,11104.42,11337.61
M0888,salary_increase,2025-01-01,A,A,102855.0,104323.0
M0889,salary_increase,2025-01-01,A,A,120000.0,121897.0
M0890,pension_increase,2025-01-01,P,P,26413.23,26967.91
M0891,pension_increase,2025-01-01,P,P,29492.51,30111.85
M0892,salary_increase,2025-01-01,A,A,49698.0,51396.0
M0894,salary_increase,2025-01-01,A,A,56914.0,59110.0
M0897,pension_increase,2025-01-01,P,P,31756.84,32423.73
M0898,salary_increase,2025-01-01,A,A,45535.0,47749.0
M0900,pension_increase,2025-01-01,P,P,14954.13,15268.17
M0901,pension_increase,2025-01-01,P,P,18301.13,18685.45
M0902,pension_increase,2025-01-01,P,P,13697.04,13984.68
M0903,salary_increase,2025-01-01,A,A,68848.0,70187.0
M0904,salary_increase,2025-01-01,A,A,54828.0,55776.0
M0904,retirement,2025-01-04,A,P,,18154.85
M0905,salary_increase,2025-01-01,A,A,62547.0,65857.0
M0908,pension_increase,2025-01-01,P,P,25001.63,25526.66
M0908,death,2025-07-01,P,died,,
M0910,pension_increase,2025-01-01,P,P,41527.83,42399.91
M0911,salary_increase,2025-01-01,A,A,76374.0,78065.0
M0912,salary_increase,2025-01-01,A,A,57098.0,59360.0
M0914,salary_increase,2025-01-01,A,A,70160.0,72114.0
M0917,pension_increase,2025-01-01,P,P,25525.24,26061.27
M0918,pension_increase,2025-01-01,P,P,19033.16,19432.86
M0919,pension_increase,2025-01-01,P,P,19223.09,19626.77
M0920,pension_increase,2025-01-01,P,P,12628.8,12894.0
M0922,pension_increase,2025-01-01,P,P,15807.61,16139.57
M0923,salary_increase,2025-01-01,A,A,40000.0,41961.0
M0925,pension_increase,2025-01-01,P,P,23466.57,23959.37
M0926,salary_increase,2025-01-01,A,A,64654.0,66179.0
M0928,salary_increase,2025-01-01,A,A,77972.0,80974.0
M0929,pension_increase,2025-01-01,P,P,18160.49,18541.86
M0932,salary_increase,2025-01-01,A,A,73705.0,76655.0
M0933,pension_increase,2025-01-01,P,P,16704.75,17055.55
M0935,pension_increase,2025-01-01,P,P,14833.55,15145.05
M0936,salary_increase,2025-01-01,A,A,74433.0,76283.0
M0937,pension_increase,2025-01-01,P,P,8000.0,8168.0
M0938,pension_increase,2025-01-01,P,P,30683.0,31327.34
M0939,pension_increase,2025-01-01,P,P,11640.95,11885.41
M0940,pension_increase,2025-01-01,P,P,18466.01,18853.8
M0941,pension_increase,2025-01-01,P,P,40351.42,41198.8
M0942,pension_increase,2025-01-01,P,P,28910.75,29517.88
M0944,salary_increase,2025-01-01,A,A,77665.0,80919.0
M0945,pension_increase,2025-01-01,P,P,8180.15,8351.93
M0946,salary_increase,2025-01-01,A,A,60566.0,63597.0
M0947,salary_increase,2025-01-01,A,A,41806.0,43008.0
M0951,salary_increase,2025-01-01,A,A,55725.0,57071.0
M0952,pension_increase,2025-01-01,P,P,18816.91,19212.07
M0953,pension_increase,2025-01-01,P,P,15510.23,15835.94
M0954,salary_increase,2025-01-01,A,A,74582.0,76696.0
M0955,salary_increase,2025-01-01,A,A,65885.0,67936.0
M0956,pension_increase,2025-01-01,P,P,19606.1,20017.83
M0957,salary_increase,2025-01-01,A,A,68215.0,71228.0
M0958,pension_increase,2025-01-01,P,P,14742.88,15052.48
M0959,pension_increase,2025-01-01,P,P,20544.22,20975.65
M0960,pension_increase,2025-01-01,P,P,18345.82,18731.08
M0961,pension_increase,2025-01-01,P,P,11556.19,11798.87
M0962,retirement,2025-08-10,D,P,9950.53,13515.36
M0963,pension_increase,2025-01-01,P,P,20031.45,20452.11
M0963,death,2025-07-01,P,died,,
M0964,salary_increase,2025-01-01,A,A,56854.0,59921.0
M0965,pension_increase,2025-01-01,P,P,12569.66,12833.62
M0966,salary_increase,2025-01-01,A,A,41068.0,42131.0
M0967,salary_increase,2025-01-01,A,A,85177.0,89467.0
M0968,pension_increase,2025-01-01,P,P,30116.93,30749.39
M0969,pension_increase,2025-01-01,P,P,16626.91,16976.08
M0971,pension_increase,2025-01-01,P,P,11346.81,11585.09
M0973,pension_increase,2025-01-01,P,P,33043.36,33737.27
M0974,pension_increase,2025-01-01,P,P,8159.76,8331.11
M0975,pension_increase,2025-01-01,P,P,15545.71,15872.17
M0977,pension_increase,2025-01-01,P,P,20685.73,21120.13
M0978,pension_increase,2025-01-01,P,P,15308.36,15629.84
M0979,pension_increase,2025-01-01,P,P,22710.55,23187.47
M0980,pension_increase,2025-01-01,P,P,8000.0,8168.0
M0983,salary_increase,2025-01-01,A,A,49688.0,51019.0
M0984,pension_increase,2025-01-01,P,P,18896.04,19292.86
M0986,pension_increase,2025-01-01,P,P,35327.15,36069.02
M0987,pension_increase,2025-01-01,P,P,15456.79,15781.38
M0989,pension_increase,2025-01-01,P,P,22104.73,22568.93
M0991,pension_increase,2025-01-01,P,P,11685.01,11930.4
M0992,pension_increase,2025-01-01,P,P,11284.05,11521.02
M0993,pension_increase,2025-01-01,P,P,19713.63,20127.62
M0994,pension_increase,2025-01-01,P,P,19021.92,19421.38
M0995,pension_increase,2025-01-01,P,P,12957.08,13229.18
M0997,pension_increase,2025-01-01,P,P,32615.13,33300.05
M0998,pension_increase,2025-01-01,P,P,28935.72,29543.37
M0999,salary_increase,2025-01-01,A,A,57343.0,59363.0
M1001,retirement,2025-03-30,D,P,2182.96,2182.96
M1003,pension_increase,2025-01-01,P,P,14392.04,14694.27
M1004,pension_increase,2025-01-01,P,P,12415.07,12675.79
M1005,pension_increase,2025-01-01,P,P,22437.24,22908.42
M1006,pension_increase,2025-01-01,P,P,8000.0,8168.0
M1006,death,2025-07-01,P,died,,
M1007,salary_increase,2025-01-01,A,A,69036.0,70275.0
M1010,pension_increase,2025-01-01,P,P,23764.31,24263.36
