# title: Irish Consumer Price Index, all items, December values
# source: CSO PxStat table CPM01, https://ws.cso.ie/public/api.restful/PxStat.Data.Cube_API.ReadDataset/CPM01/CSV/1.0/en
# raw_file: data/market/raw/cso_cpm01.csv
# effective_date: December of each year, 1990-2025
# retrieved: 2026-09-27
# notes: cpi_dec = index, base Dec 2023 = 100 (series CPM01C08, one base throughout); pct_12m_published = CSO published December 12-month change (%)
year,cpi_dec,pct_12m_published
1990,48.7,2.5
1991,50.5,3.7
1992,51.7,2.4
1993,52.5,1.5
1994,53.7,2.3
1995,55.0,2.4
1996,56.0,1.8
1997,57.1,2.0
1998,58.0,1.6
1999,60.0,3.4
2000,63.5,5.8
2001,66.2,4.3
2002,69.5,5.0
2003,70.9,2.0
2004,72.7,2.5
2005,74.5,2.5
2006,78.2,5.0
2007,81.8,4.6
2008,82.7,1.1
2009,78.6,-5.0
2010,79.7,1.4
2011,81.6,2.4
2012,82.5,1.1
2013,82.7,0.2
2014,82.5,-0.2
2015,82.6,0.1
2016,82.6,0.0
2017,82.9,0.4
2018,83.4,0.6
2019,84.5,1.3
2020,83.7,-0.9
2021,88.4,5.6
2022,95.6,8.1
2023,100.0,4.6
2024,101.4,1.4
2025,104.2,2.8
