# title: Euro area AAA government bond spot curve (Svensson), all tenors 3 months to 30 years
# source: ECB Data Portal, dataset YC, series YC.B.U2.EUR.4F.G_N_A.SV_C_YM.SR_<tenor>, https://data-api.ecb.europa.eu/service/data/YC/B.U2.EUR.4F.G_N_A.SV_C_YM.?startPeriod=2024-12-30&endPeriod=2024-12-30&format=csvdata
# raw_file: data/market/raw/ecb_yc_2024-12-30.csv
# effective_date: 2024-12-30 (last ECB publication on or before 2024-12-31; SPEC 7.1)
# retrieved: 2026-09-27
# notes: spot_cc_pct = ECB value, continuously compounded, percent; spot_annual = exp(spot_cc_pct/100) - 1 (annual effective, decimal)
tenor_months,tenor_years,spot_cc_pct,spot_annual
3,0.250000,2.5751770895,0.0260862124
4,0.333333,2.5115507335,0.0254335588
5,0.416667,2.4538644196,0.0248421945
6,0.500000,2.4016063518,0.0243067717
7,0.583333,2.3543103993,0.0238224306
8,0.666667,2.3115518859,0.0233847530
9,0.750000,2.2729437764,0.0229897197
10,0.833333,2.2381332226,0.0226336733
11,0.916667,2.2067984338,0.0223132834
12,1.000000,2.1786458405,0.0220255162
13,1.083333,2.1534075248,0.0217676067
14,1.166667,2.1308388900,0.0215370337
15,1.250000,2.1107165483,0.0213314973
16,1.333333,2.0928364053,0.0211488980
17,1.416667,2.0770119219,0.0209873193
18,1.500000,2.0630725382,0.0208450099
19,1.583333,2.0508622430,0.0207203693
20,1.666667,2.0402382753,0.0206119341
21,1.750000,2.0310699455,0.0205183653
22,1.833333,2.0232375653,0.0204384375
23,1.916667,2.0166314755,0.0203710287
24,2.000000,2.0111511629,0.0203151107
25,2.083333,2.0067044577,0.0202697413
26,2.166667,2.0032068039,0.0202340564
27,2.250000,2.0005805966,0.0202072633
28,2.333333,1.9987545784,0.0201886343
29,2.416667,1.9976632913,0.0201775012
30,2.500000,1.9972465769,0.0201732500
31,2.583333,1.9974491226,0.0201753163
32,2.666667,1.9982200478,0.0201831811
33,2.750000,1.9995125271,0.0201963668
34,2.833333,2.0012834473,0.0202144339
35,2.916667,2.0034930945,0.0202369772
36,3.000000,2.0061048692,0.0202636239
37,3.083333,2.0090850265,0.0202940298
38,3.166667,2.0124024387,0.0203278777
39,3.250000,2.0160283793,0.0203648749
40,3.333333,2.0199363255,0.0204047510
41,3.416667,2.0241017777,0.0204472563
42,3.500000,2.0285020953,0.0204921602
43,3.583333,2.0331163455,0.0205392494
44,3.666667,2.0379251666,0.0205883265
45,3.750000,2.0429106419,0.0206392089
46,3.833333,2.0480561843,0.0206917277
47,3.916667,2.0533464316,0.0207457262
48,4.000000,2.0587671500,0.0208010595
49,4.083333,2.0643051454,0.0208575930
50,4.166667,2.0699481831,0.0209152020
51,4.250000,2.0756849135,0.0209737708
52,4.333333,2.0815048038,0.0210331921
53,4.416667,2.0873980761,0.0210933661
54,4.500000,2.0933556498,0.0211542003
55,4.583333,2.0993690895,0.0212156087
56,4.666667,2.1054305561,0.0212775112
57,4.750000,2.1115327629,0.0213398335
58,4.833333,2.1176689349,0.0214025066
59,4.916667,2.1238327707,0.0214654662
60,5.000000,2.1300184085,0.0215286523
61,5.083333,2.1362203940,0.0215920093
62,5.166667,2.1424336514,0.0216554854
63,5.250000,2.1486534561,0.0217190323
64,5.333333,2.1548754098,0.0217826052
65,5.416667,2.1610954178,0.0218461621
66,5.500000,2.1673096676,0.0219096642
67,5.583333,2.1735146093,0.0219730751
68,5.666667,2.1797069375,0.0220363609
69,5.750000,2.1858835747,0.0220994904
70,5.833333,2.1920416558,0.0221624340
71,5.916667,2.1981785137,0.0222251646
72,6.000000,2.2042916658,0.0222876567
73,6.083333,2.2103788023,0.0223498866
74,6.166667,2.2164377744,0.0224118324
75,6.250000,2.2224665837,0.0224734735
76,6.333333,2.2284633727,0.0225347909
77,6.416667,2.2344264154,0.0225957669
78,6.500000,2.2403541088,0.0226563851
79,6.583333,2.2462449657,0.0227166301
80,6.666667,2.2520976064,0.0227764878
81,6.750000,2.2579107526,0.0228359450
82,6.833333,2.2636832209,0.0228949896
83,6.916667,2.2694139169,0.0229536103
84,7.000000,2.2751018295,0.0230117966
85,7.083333,2.2807460263,0.0230695390
86,7.166667,2.2863456481,0.0231268287
87,7.250000,2.2918999050,0.0231836573
88,7.333333,2.2974080722,0.0232400176
89,7.416667,2.3028694856,0.0232959025
90,7.500000,2.3082835388,0.0233513057
91,7.583333,2.3136496794,0.0234062217
92,7.666667,2.3189674056,0.0234606451
93,7.750000,2.3242362637,0.0235145712
94,7.833333,2.3294558448,0.0235679957
95,7.916667,2.3346257827,0.0236209149
96,8.000000,2.3397457510,0.0236733254
97,8.083333,2.3448154608,0.0237252239
98,8.166667,2.3498346591,0.0237766080
99,8.250000,2.3548031259,0.0238274753
100,8.333333,2.3597206731,0.0238778237
101,8.416667,2.3645871421,0.0239276516
102,8.500000,2.3694024025,0.0239769576
103,8.583333,2.3741663504,0.0240257405
104,8.666667,2.3788789068,0.0240739994
105,8.750000,2.3835400163,0.0241217337
106,8.833333,2.3881496455,0.0241689430
107,8.916667,2.3927077825,0.0242156271
108,9.000000,2.3972144347,0.0242617860
109,9.083333,2.4016696284,0.0243074199
110,9.166667,2.4060734076,0.0243525291
111,9.250000,2.4104258328,0.0243971143
112,9.333333,2.4147269802,0.0244411760
113,9.416667,2.4189769410,0.0244847153
114,9.500000,2.4231758203,0.0245277331
115,9.583333,2.4273237362,0.0245702305
116,9.666667,2.4314208194,0.0246122089
117,9.750000,2.4354672125,0.0246536695
118,9.833333,2.4394630689,0.0246946141
119,9.916667,2.4434085524,0.0247350440
120,10.000000,2.4473038368,0.0247749611
121,10.083333,2.4511491051,0.0248143672
122,10.166667,2.4549445490,0.0248532642
123,10.250000,2.4586903683,0.0248916541
124,10.333333,2.4623867705,0.0249295389
125,10.416667,2.4660339707,0.0249669208
126,10.500000,2.4696321902,0.0250038021
127,10.583333,2.4731816573,0.0250401849
128,10.666667,2.4766826058,0.0250760716
129,10.750000,2.4801352755,0.0251114647
130,10.833333,2.4835399112,0.0251463666
131,10.916667,2.4868967628,0.0251807799
132,11.000000,2.4902060847,0.0252147069
133,11.083333,2.4934681357,0.0252481505
134,11.166667,2.4966831784,0.0252811132
135,11.250000,2.4998514793,0.0253135977
136,11.333333,2.5029733084,0.0253456068
137,11.416667,2.5060489388,0.0253771431
138,11.500000,2.5090786466,0.0254082095
139,11.583333,2.5120627107,0.0254388088
140,11.666667,2.5150014124,0.0254689438
141,11.750000,2.5178950356,0.0254986174
142,11.833333,2.5207438661,0.0255278326
143,11.916667,2.5235481917,0.0255565921
144,12.000000,2.5263083019,0.0255848990
145,12.083333,2.5290244880,0.0256127562
146,12.166667,2.5316970426,0.0256401666
147,12.250000,2.5343262595,0.0256671333
148,12.333333,2.5369124337,0.0256936591
149,12.416667,2.5394558614,0.0257197473
150,12.500000,2.5419568394,0.0257454006
151,12.583333,2.5444156654,0.0257706222
152,12.666667,2.5468326376,0.0257954151
153,12.750000,2.5492080548,0.0258197823
154,12.833333,2.5515422161,0.0258437269
155,12.916667,2.5538354210,0.0258672518
156,13.000000,2.5560879691,0.0258903603
157,13.083333,2.5583001602,0.0259130552
158,13.166667,2.5604722939,0.0259353396
159,13.250000,2.5626046700,0.0259572166
160,13.333333,2.5646975880,0.0259786893
161,13.416667,2.5667513471,0.0259997607
162,13.500000,2.5687662462,0.0260204337
163,13.583333,2.5707425840,0.0260407116
164,13.666667,2.5726806585,0.0260605972
165,13.750000,2.5745807674,0.0260800936
166,13.833333,2.5764432076,0.0260992039
167,13.916667,2.5782682755,0.0261179311
168,14.000000,2.5800562669,0.0261362782
169,14.083333,2.5818074766,0.0261542481
170,14.166667,2.5835221989,0.0261718440
171,14.250000,2.5852007270,0.0261890687
172,14.333333,2.5868433535,0.0262059253
173,14.416667,2.5884503697,0.0262224167
174,14.500000,2.5900220662,0.0262385460
175,14.583333,2.5915587327,0.0262543159
176,14.666667,2.5930606575,0.0262697296
177,14.750000,2.5945281280,0.0262847899
178,14.833333,2.5959614306,0.0262994998
179,14.916667,2.5973608505,0.0263138622
180,15.000000,2.5987266715,0.0263278799
181,15.083333,2.6000591766,0.0263415558
182,15.166667,2.6013586472,0.0263548929
183,15.250000,2.6026253636,0.0263678940
184,15.333333,2.6038596049,0.0263805619
185,15.416667,2.6050616489,0.0263928996
186,15.500000,2.6062317719,0.0264049097
187,15.583333,2.6073702490,0.0264165951
188,15.666667,2.6084773540,0.0264279587
189,15.750000,2.6095533592,0.0264390032
190,15.833333,2.6105985355,0.0264497313
191,15.916667,2.6116131526,0.0264601459
192,16.000000,2.6125974785,0.0264702497
193,16.083333,2.6135517800,0.0264800454
194,16.166667,2.6144763224,0.0264895357
195,16.250000,2.6153713694,0.0264987233
196,16.333333,2.6162371833,0.0265076109
197,16.416667,2.6170740251,0.0265162011
198,16.500000,2.6178821542,0.0265244968
199,16.583333,2.6186618283,0.0265325003
200,16.666667,2.6194133039,0.0265402145
201,16.750000,2.6201368359,0.0265476419
202,16.833333,2.6208326777,0.0265547850
203,16.916667,2.6215010810,0.0265616466
204,17.000000,2.6221422962,0.0265682291
205,17.083333,2.6227565721,0.0265745351
206,17.166667,2.6233441559,0.0265805671
207,17.250000,2.6239052934,0.0265863276
208,17.333333,2.6244402287,0.0265918192
209,17.416667,2.6249492045,0.0265970443
210,17.500000,2.6254324618,0.0266020054
211,17.583333,2.6258902403,0.0266067050
212,17.666667,2.6263227779,0.0266111455
213,17.750000,2.6267303110,0.0266153293
214,17.833333,2.6271130746,0.0266192588
215,17.916667,2.6274713021,0.0266229364
216,18.000000,2.6278052253,0.0266263646
217,18.083333,2.6281150744,0.0266295456
218,18.166667,2.6284010781,0.0266324818
219,18.250000,2.6286634637,0.0266351755
220,18.333333,2.6289024568,0.0266376291
221,18.416667,2.6291182816,0.0266398448
222,18.500000,2.6293111605,0.0266418250
223,18.583333,2.6294813146,0.0266435719
224,18.666667,2.6296289635,0.0266450877
225,18.750000,2.6297543251,0.0266463747
226,18.833333,2.6298576159,0.0266474352
227,18.916667,2.6299390508,0.0266482712
228,19.000000,2.6299988433,0.0266488851
229,19.083333,2.6300372053,0.0266492789
230,19.166667,2.6300543471,0.0266494549
231,19.250000,2.6300504777,0.0266494152
232,19.333333,2.6300258045,0.0266491619
233,19.416667,2.6299805335,0.0266486971
234,19.500000,2.6299148689,0.0266480230
235,19.583333,2.6298290139,0.0266471415
236,19.666667,2.6297231698,0.0266460549
237,19.750000,2.6295975366,0.0266447651
238,19.833333,2.6294523129,0.0266432741
239,19.916667,2.6292876958,0.0266415841
240,20.000000,2.6291038808,0.0266396970
241,20.083333,2.6289010621,0.0266376148
242,20.166667,2.6286794324,0.0266353394
243,20.250000,2.6284391831,0.0266328730
244,20.333333,2.6281805040,0.0266302173
245,20.416667,2.6279035834,0.0266273743
246,20.500000,2.6276086085,0.0266243460
247,20.583333,2.6272957648,0.0266211343
248,20.666667,2.6269652365,0.0266177411
249,20.750000,2.6266172064,0.0266141681
250,20.833333,2.6262518559,0.0266104174
251,20.916667,2.6258693651,0.0266064907
252,21.000000,2.6254699126,0.0266023899
253,21.083333,2.6250536756,0.0265981168
254,21.166667,2.6246208301,0.0265936732
255,21.250000,2.6241715506,0.0265890610
256,21.333333,2.6237060104,0.0265842818
257,21.416667,2.6232243813,0.0265793375
258,21.500000,2.6227268338,0.0265742298
259,21.583333,2.6222135371,0.0265689604
260,21.666667,2.6216846592,0.0265635311
261,21.750000,2.6211403665,0.0265579436
262,21.833333,2.6205808244,0.0265521996
263,21.916667,2.6200061968,0.0265463008
264,22.000000,2.6194166464,0.0265402488
265,22.083333,2.6188123345,0.0265340453
266,22.166667,2.6181934213,0.0265276920
267,22.250000,2.6175600657,0.0265211904
268,22.333333,2.6169124251,0.0265145423
269,22.416667,2.6162506560,0.0265077492
270,22.500000,2.6155749134,0.0265008126
271,22.583333,2.6148853511,0.0264937343
272,22.666667,2.6141821218,0.0264865157
273,22.750000,2.6134653768,0.0264791585
274,22.833333,2.6127352664,0.0264716641
275,22.916667,2.6119919394,0.0264640340
276,23.000000,2.6112355436,0.0264562699
277,23.083333,2.6104662257,0.0264483733
278,23.166667,2.6096841309,0.0264403455
279,23.250000,2.6088894034,0.0264321881
280,23.333333,2.6080821864,0.0264239026
281,23.416667,2.6072626215,0.0264154904
282,23.500000,2.6064308497,0.0264069530
283,23.583333,2.6055870103,0.0263982918
284,23.666667,2.6047312418,0.0263895083
285,23.750000,2.6038636816,0.0263806038
286,23.833333,2.6029844656,0.0263715797
287,23.916667,2.6020937290,0.0263624375
288,24.000000,2.6011916057,0.0263531785
289,24.083333,2.6002782284,0.0263438040
290,24.166667,2.5993537289,0.0263343155
291,24.250000,2.5984182379,0.0263247143
292,24.333333,2.5974718847,0.0263150017
293,24.416667,2.5965147980,0.0263051790
294,24.500000,2.5955471051,0.0262952476
295,24.583333,2.5945689323,0.0262852087
296,24.666667,2.5935804049,0.0262750637
297,24.750000,2.5925816471,0.0262648137
298,24.833333,2.5915727821,0.0262544601
299,24.916667,2.5905539320,0.0262440042
300,25.000000,2.5895252181,0.0262334471
301,25.083333,2.5884867604,0.0262227902
302,25.166667,2.5874386779,0.0262120346
303,25.250000,2.5863810888,0.0262011815
304,25.333333,2.5853141102,0.0261902322
305,25.416667,2.5842378582,0.0261791879
306,25.500000,2.5831524478,0.0261680497
307,25.583333,2.5820579933,0.0261568188
308,25.666667,2.5809546078,0.0261454964
309,25.750000,2.5798424035,0.0261340837
310,25.833333,2.5787214917,0.0261225817
311,25.916667,2.5775919826,0.0261109916
312,26.000000,2.5764539856,0.0260993145
313,26.083333,2.5753076092,0.0260875516
314,26.166667,2.5741529607,0.0260757040
315,26.250000,2.5729901469,0.0260637727
316,26.333333,2.5718192733,0.0260517589
317,26.416667,2.5706404447,0.0260396636
318,26.500000,2.5694537649,0.0260274878
319,26.583333,2.5682593369,0.0260152327
320,26.666667,2.5670572627,0.0260028994
321,26.750000,2.5658476434,0.0259904887
322,26.833333,2.5646305795,0.0259780018
323,26.916667,2.5634061702,0.0259654397
324,27.000000,2.5621745142,0.0259528034
325,27.083333,2.5609357091,0.0259400940
326,27.166667,2.5596898518,0.0259273123
327,27.250000,2.5584370382,0.0259144594
328,27.333333,2.5571773637,0.0259015363
329,27.416667,2.5559109223,0.0258885440
330,27.500000,2.5546378078,0.0258754833
331,27.583333,2.5533581127,0.0258623553
332,27.666667,2.5520719289,0.0258491609
333,27.750000,2.5507793474,0.0258359011
334,27.833333,2.5494804586,0.0258225767
335,27.916667,2.5481753519,0.0258091887
336,28.000000,2.5468641158,0.0257957380
337,28.083333,2.5455468384,0.0257822255
338,28.166667,2.5442236067,0.0257686521
339,28.250000,2.5428945070,0.0257550187
340,28.333333,2.5415596249,0.0257413262
341,28.416667,2.5402190453,0.0257275754
342,28.500000,2.5388728520,0.0257137672
343,28.583333,2.5375211285,0.0256999025
344,28.666667,2.5361639573,0.0256859821
345,28.750000,2.5348014201,0.0256720068
346,28.833333,2.5334335981,0.0256579776
347,28.916667,2.5320605717,0.0256438951
348,29.000000,2.5306824203,0.0256297603
349,29.083333,2.5292992230,0.0256155739
350,29.166667,2.5279110580,0.0256013368
351,29.250000,2.5265180027,0.0255870497
352,29.333333,2.5251201339,0.0255727134
353,29.416667,2.5237175277,0.0255583288
354,29.500000,2.5223102596,0.0255438965
355,29.583333,2.5208984043,0.0255294174
356,29.666667,2.5194820357,0.0255148922
357,29.750000,2.5180612274,0.0255003217
358,29.833333,2.5166360519,0.0254857067
359,29.916667,2.5152065814,0.0254710478
360,30.000000,2.5137728871,0.0254563457
