# title: EIOPA risk-free rate term structures, EUR, 2025-12-31 (with and without volatility adjustment)
# source: EIOPA monthly RFR publication, EIOPA_RFR_20251231.zip, Term_Structures.xlsx, sheets RFR_spot_with_VA and RFR_spot_no_VA, column Euro (https://www.eiopa.europa.eu/tools-and-data/risk-free-interest-rate-term-structures_en)
# raw_file: data/market/raw/EIOPA_RFR_20251231.zip (copied from ../assurance/data/raw/)
# effective_date: 2025-12-31
# retrieved: 2026-09-27
# notes: annual effective spot rates (decimal), maturities 1-150 years; Smith-Wilson, LLP 20, UFR 3.30%, CRA 10 bp, VA 14 bp
maturity,spot_with_va,spot_no_va
1,0.02216,0.02076
2,0.02303,0.02163
3,0.02423,0.02283
4,0.02526,0.02386
5,0.02619,0.02479
6,0.02705,0.02565
7,0.02791,0.02651
8,0.02864,0.02724
9,0.02933,0.02793
10,0.03003,0.02863
11,0.03061,0.02921
12,0.03115,0.02975
13,0.03173,0.03033
14,0.03216,0.03076
15,0.03247,0.03107
16,0.03273,0.03133
17,0.03296,0.03156
18,0.03316,0.03176
19,0.03334,0.03194
20,0.03349,0.03209
21,0.03362,0.03222
22,0.03372,0.03233
23,0.0338,0.03243
24,0.03387,0.03252
25,0.03393,0.03259
26,0.03397,0.03266
27,0.034,0.03272
28,0.03403,0.03277
29,0.03405,0.03281
30,0.03406,0.03285
31,0.03407,0.03288
32,0.03408,0.03291
33,0.03408,0.03294
34,0.03408,0.03296
35,0.03407,0.03298
36,0.03407,0.033
37,0.03406,0.03301
38,0.03405,0.03303
39,0.03404,0.03304
40,0.03403,0.03305
41,0.03402,0.03306
42,0.03401,0.03307
43,0.034,0.03308
44,0.03398,0.03308
45,0.03397,0.03309
46,0.03396,0.03309
47,0.03394,0.0331
48,0.03393,0.0331
49,0.03392,0.0331
50,0.0339,0.0331
51,0.03389,0.03311
52,0.03388,0.03311
53,0.03386,0.03311
54,0.03385,0.03311
55,0.03384,0.03311
56,0.03383,0.03311
57,0.03382,0.03311
58,0.0338,0.03311
59,0.03379,0.03311
60,0.03378,0.03311
61,0.03377,0.03311
62,0.03376,0.03311
63,0.03375,0.03311
64,0.03374,0.03311
65,0.03373,0.03311
66,0.03372,0.03311
67,0.03371,0.03311
68,0.0337,0.03311
69,0.03369,0.03311
70,0.03368,0.03311
71,0.03367,0.03311
72,0.03366,0.03311
73,0.03365,0.0331
74,0.03364,0.0331
75,0.03364,0.0331
76,0.03363,0.0331
77,0.03362,0.0331
78,0.03361,0.0331
79,0.0336,0.0331
80,0.0336,0.0331
81,0.03359,0.0331
82,0.03358,0.0331
83,0.03358,0.0331
84,0.03357,0.03309
85,0.03356,0.03309
86,0.03356,0.03309
87,0.03355,0.03309
88,0.03354,0.03309
89,0.03354,0.03309
90,0.03353,0.03309
91,0.03353,0.03309
92,0.03352,0.03309
93,0.03352,0.03309
94,0.03351,0.03309
95,0.0335,0.03308
96,0.0335,0.03308
97,0.03349,0.03308
98,0.03349,0.03308
99,0.03348,0.03308
100,0.03348,0.03308
101,0.03347,0.03308
102,0.03347,0.03308
103,0.03347,0.03308
104,0.03346,0.03308
105,0.03346,0.03308
106,0.03345,0.03308
107,0.03345,0.03308
108,0.03344,0.03308
109,0.03344,0.03307
110,0.03344,0.03307
111,0.03343,0.03307
112,0.03343,0.03307
113,0.03342,0.03307
114,0.03342,0.03307
115,0.03342,0.03307
116,0.03341,0.03307
117,0.03341,0.03307
118,0.03341,0.03307
119,0.0334,0.03307
120,0.0334,0.03307
121,0.0334,0.03307
122,0.03339,0.03307
123,0.03339,0.03307
124,0.03339,0.03307
125,0.03338,0.03307
126,0.03338,0.03306
127,0.03338,0.03306
128,0.03337,0.03306
129,0.03337,0.03306
130,0.03337,0.03306
131,0.03337,0.03306
132,0.03336,0.03306
133,0.03336,0.03306
134,0.03336,0.03306
135,0.03336,0.03306
136,0.03335,0.03306
137,0.03335,0.03306
138,0.03335,0.03306
139,0.03335,0.03306
140,0.03334,0.03306
141,0.03334,0.03306
142,0.03334,0.03306
143,0.03334,0.03306
144,0.03333,0.03306
145,0.03333,0.03306
146,0.03333,0.03306
147,0.03333,0.03306
148,0.03332,0.03306
149,0.03332,0.03305
150,0.03332,0.03305
