# title: Euro short-term rate (€STR), daily, 2025
# source: ECB Data Portal, series EST.B.EU000A2X2A25.WT: https://data-api.ecb.europa.eu/service/data/EST/B.EU000A2X2A25.WT?startPeriod=2025-01-01&endPeriod=2025-12-31&format=csvdata
# raw_file: data/market/raw/ecb_estr_2025.csv
# effective_date: 2025-01-02 to 2025-12-31 (TARGET business days)
# retrieved: 2026-09-27
# notes: volume-weighted trimmed mean rate, % a year, ACT/360; each rate applies until the next business day
TIME_PERIOD,OBS_VALUE
2025-01-02,2.92
2025-01-03,2.919
2025-01-06,2.917
2025-01-07,2.918
2025-01-08,2.917
2025-01-09,2.92
2025-01-10,2.917
2025-01-13,2.918
2025-01-14,2.919
2025-01-15,2.92
2025-01-16,2.92
2025-01-17,2.92
2025-01-20,2.919
2025-01-21,2.921
2025-01-22,2.92
2025-01-23,2.922
2025-01-24,2.921
2025-01-27,2.921
2025-01-28,2.921
2025-01-29,2.923
2025-01-30,2.923
2025-01-31,2.912
2025-02-03,2.918
2025-02-04,2.917
2025-02-05,2.666
2025-02-06,2.669
2025-02-07,2.665
2025-02-10,2.664
2025-02-11,2.666
2025-02-12,2.665
2025-02-13,2.667
2025-02-14,2.666
2025-02-17,2.665
2025-02-18,2.666
2025-02-19,2.665
2025-02-20,2.667
2025-02-21,2.666
2025-02-24,2.666
2025-02-25,2.666
2025-02-26,2.665
2025-02-27,2.666
2025-02-28,2.658
2025-03-03,2.663
2025-03-04,2.664
2025-03-05,2.664
2025-03-06,2.666
2025-03-07,2.665
2025-03-10,2.663
2025-03-11,2.663
2025-03-12,2.412
2025-03-13,2.413
2025-03-14,2.417
2025-03-17,2.417
2025-03-18,2.417
2025-03-19,2.416
2025-03-20,2.417
2025-03-21,2.417
2025-03-24,2.418
2025-03-25,2.418
2025-03-26,2.417
2025-03-27,2.417
2025-03-28,2.417
2025-03-31,2.415
2025-04-01,2.42
2025-04-02,2.417
2025-04-03,2.416
2025-04-04,2.415
2025-04-07,2.414
2025-04-08,2.415
2025-04-09,2.415
2025-04-10,2.416
2025-04-11,2.416
2025-04-14,2.417
2025-04-15,2.416
2025-04-16,2.418
2025-04-17,2.417
2025-04-22,2.417
2025-04-23,2.167
2025-04-24,2.169
2025-04-25,2.167
2025-04-28,2.167
2025-04-29,2.167
2025-04-30,2.156
2025-05-02,2.168
2025-05-05,2.167
2025-05-06,2.167
2025-05-07,2.169
2025-05-08,2.171
2025-05-09,2.169
2025-05-12,2.17
2025-05-13,2.172
2025-05-14,2.172
2025-05-15,2.172
2025-05-16,2.17
2025-05-19,2.171
2025-05-20,2.172
2025-05-21,2.169
2025-05-22,2.173
2025-05-23,2.17
2025-05-26,2.168
2025-05-27,2.172
2025-05-28,2.167
2025-05-29,2.161
2025-05-30,2.161
2025-06-02,2.172
2025-06-03,2.172
2025-06-04,2.173
2025-06-05,2.174
2025-06-06,2.173
2025-06-09,2.17
2025-06-10,2.174
2025-06-11,1.924
2025-06-12,1.923
2025-06-13,1.925
2025-06-16,1.924
2025-06-17,1.924
2025-06-18,1.922
2025-06-19,1.917
2025-06-20,1.923
2025-06-23,1.925
2025-06-24,1.926
2025-06-25,1.925
2025-06-26,1.929
2025-06-27,1.928
2025-06-30,1.921
2025-07-01,1.921
2025-07-02,1.923
2025-07-03,1.922
2025-07-04,1.92
2025-07-07,1.92
2025-07-08,1.919
2025-07-09,1.919
2025-07-10,1.921
2025-07-11,1.923
2025-07-14,1.923
2025-07-15,1.922
2025-07-16,1.923
2025-07-17,1.925
2025-07-18,1.923
2025-07-21,1.924
2025-07-22,1.923
2025-07-23,1.924
2025-07-24,1.924
2025-07-25,1.925
2025-07-28,1.923
2025-07-29,1.923
2025-07-30,1.924
2025-07-31,1.919
2025-08-01,1.927
2025-08-04,1.925
2025-08-05,1.924
2025-08-06,1.922
2025-08-07,1.923
2025-08-08,1.922
2025-08-11,1.918
2025-08-12,1.922
2025-08-13,1.923
2025-08-14,1.926
2025-08-15,1.924
2025-08-18,1.924
2025-08-19,1.925
2025-08-20,1.926
2025-08-21,1.926
2025-08-22,1.926
2025-08-25,1.925
2025-08-26,1.926
2025-08-27,1.925
2025-08-28,1.925
2025-08-29,1.92
2025-09-01,1.925
2025-09-02,1.922
2025-09-03,1.923
2025-09-04,1.925
2025-09-05,1.923
2025-09-08,1.922
2025-09-09,1.923
2025-09-10,1.922
2025-09-11,1.925
2025-09-12,1.925
2025-09-15,1.926
2025-09-16,1.926
2025-09-17,1.927
2025-09-18,1.926
2025-09-19,1.925
2025-09-22,1.925
2025-09-23,1.927
2025-09-24,1.928
2025-09-25,1.927
2025-09-26,1.926
2025-09-29,1.926
2025-09-30,1.916
2025-10-01,1.927
2025-10-02,1.923
2025-10-03,1.921
2025-10-06,1.925
2025-10-07,1.926
2025-10-08,1.924
2025-10-09,1.927
2025-10-10,1.926
2025-10-13,1.926
2025-10-14,1.927
2025-10-15,1.928
2025-10-16,1.928
2025-10-17,1.928
2025-10-20,1.927
2025-10-21,1.928
2025-10-22,1.927
2025-10-23,1.929
2025-10-24,1.928
2025-10-27,1.929
2025-10-28,1.93
2025-10-29,1.931
2025-10-30,1.931
2025-10-31,1.921
2025-11-03,1.932
2025-11-04,1.931
2025-11-05,1.929
2025-11-06,1.93
2025-11-07,1.932
2025-11-10,1.931
2025-11-11,1.93
2025-11-12,1.93
2025-11-13,1.93
2025-11-14,1.931
2025-11-17,1.929
2025-11-18,1.93
2025-11-19,1.929
2025-11-20,1.929
2025-11-21,1.926
2025-11-24,1.924
2025-11-25,1.926
2025-11-26,1.928
2025-11-27,1.927
2025-11-28,1.925
2025-12-01,1.93
2025-12-02,1.929
2025-12-03,1.926
2025-12-04,1.929
2025-12-05,1.929
2025-12-08,1.93
2025-12-09,1.929
2025-12-10,1.929
2025-12-11,1.93
2025-12-12,1.932
2025-12-15,1.93
2025-12-16,1.932
2025-12-17,1.932
2025-12-18,1.931
2025-12-19,1.933
2025-12-22,1.932
2025-12-23,1.925
2025-12-24,1.926
2025-12-29,1.934
2025-12-30,1.93
2025-12-31,1.921
