# title: Irish Life Tables No. 17, period life table 2015-2017, males (Table 1) and females (Table 2)
# source: CSO, Irish Life Tables No. 17 2015-2017, https://www.cso.ie/en/releasesandpublications/er/ilt/irishlifetablesno172015-2017/
# raw_file: data/market/raw/ILT2015-2017_TBL1.xlsx, ILT2015-2017_TBL2.xlsx
# effective_date: 2015-2017 (period table)
# retrieved: 2026-09-27
# notes: comparison only; values rounded from the CSO workbook
age,sex,lx,dx,px,qx,ex
0,M,100000.0000,332.3554,0.99667645,0.00332355,79.6462
1,M,99667.6446,18.1881,0.99981751,0.00018249,78.9101
2,M,99649.4565,15.7594,0.99984185,0.00015815,77.9244
3,M,99633.6970,10.4724,0.99989489,0.00010511,76.9367
4,M,99623.2247,8.8433,0.99991123,0.00008877,75.9447
5,M,99614.3814,8.2822,0.99991686,0.00008314,74.9514
6,M,99606.0992,7.5087,0.99992462,0.00007538,73.9576
7,M,99598.5905,5.7515,0.99994225,0.00005775,72.9631
8,M,99592.8390,3.2488,0.99996738,0.00003262,71.9673
9,M,99589.5903,1.7250,0.99998268,0.00001732,70.9697
10,M,99587.8652,3.0186,0.99996969,0.00003031,69.9709
11,M,99584.8466,7.8911,0.99992076,0.00007924,68.9730
12,M,99576.9555,9.8987,0.99990059,0.00009941,67.9784
13,M,99567.0568,9.0962,0.99990864,0.00009136,66.9851
14,M,99557.9606,11.4709,0.99988478,0.00011522,65.9912
15,M,99546.4897,17.5921,0.99982328,0.00017672,64.9987
16,M,99528.8976,25.4223,0.99974457,0.00025543,64.0101
17,M,99503.4753,33.3124,0.99966521,0.00033479,63.0264
18,M,99470.1629,40.2290,0.99959557,0.00040443,62.0473
19,M,99429.9339,45.5052,0.99954234,0.00045766,61.0722
20,M,99384.4287,49.0029,0.99950694,0.00049306,60.0999
21,M,99335.4258,51.0588,0.99948600,0.00051400,59.1293
22,M,99284.3670,52.3186,0.99947304,0.00052696,58.1595
23,M,99232.0484,53.5099,0.99946076,0.00053924,57.1899
24,M,99178.5385,54.8815,0.99944664,0.00055336,56.2205
25,M,99123.6570,56.4447,0.99943056,0.00056944,55.2513
26,M,99067.2123,58.2112,0.99941241,0.00058759,54.2825
27,M,99009.0011,60.1948,0.99939203,0.00060797,53.3142
28,M,98948.8063,62.4108,0.99936926,0.00063074,52.3463
29,M,98886.3955,64.8772,0.99934392,0.00065608,51.3790
30,M,98821.5183,67.6138,0.99931580,0.00068420,50.4124
31,M,98753.9045,70.6434,0.99928465,0.00071535,49.4466
32,M,98683.2611,73.9915,0.99925021,0.00074979,48.4816
33,M,98609.2696,77.6866,0.99921218,0.00078782,47.5176
34,M,98531.5829,81.7610,0.99917021,0.00082979,46.5547
35,M,98449.8220,86.2504,0.99912391,0.00087609,45.5929
36,M,98363.5715,91.1953,0.99907288,0.00092712,44.6325
37,M,98272.3762,96.6407,0.99901660,0.00098340,43.6734
38,M,98175.7356,102.6368,0.99895456,0.00104544,42.7159
39,M,98073.0987,109.2402,0.99888614,0.00111386,41.7601
40,M,97963.8586,116.5135,0.99881065,0.00118935,40.8061
41,M,97847.3450,124.5273,0.99872733,0.00127267,39.8541
42,M,97722.8177,133.3600,0.99863532,0.00136468,38.9043
43,M,97589.4578,143.0993,0.99853366,0.00146634,37.9567
44,M,97446.3584,153.8433,0.99842125,0.00157875,37.0118
45,M,97292.5151,165.7013,0.99829687,0.00170313,36.0695
46,M,97126.8138,178.7954,0.99815915,0.00184085,35.1302
47,M,96948.0184,193.2619,0.99800654,0.00199346,34.1940
48,M,96754.7565,209.2525,0.99783729,0.00216271,33.2613
49,M,96545.5040,226.9365,0.99764943,0.00235057,32.3323
50,M,96318.5675,246.5024,0.99744076,0.00255924,31.4073
51,M,96072.0651,268.1598,0.99720876,0.00279124,30.4866
52,M,95803.9054,292.1416,0.99695063,0.00304937,29.5706
53,M,95511.7638,318.7062,0.99666317,0.00333683,28.6595
54,M,95193.0576,348.1399,0.99634280,0.00365720,27.7538
55,M,94844.9177,380.7591,0.99598546,0.00401454,26.8538
56,M,94464.1585,416.9127,0.99558655,0.00441345,25.9600
57,M,94047.2458,456.9843,0.99514091,0.00485909,25.0729
58,M,93590.2615,501.3943,0.99464267,0.00535733,24.1929
59,M,93088.8672,550.6012,0.99408521,0.00591479,23.3205
60,M,92538.2660,605.1030,0.99346105,0.00653895,22.4563
61,M,91933.1630,665.4372,0.99276173,0.00723827,21.6008
62,M,91267.7258,732.1795,0.99197767,0.00802233,20.7546
63,M,90535.5463,805.9414,0.99109807,0.00890193,19.9185
64,M,89729.6049,887.3648,0.99011068,0.00988932,19.0929
65,M,88842.2400,977.1146,0.98900169,0.01099831,18.2786
66,M,87865.1254,1075.8664,0.98775548,0.01224452,17.4763
67,M,86789.2590,1184.2907,0.98635441,0.01364559,16.6867
68,M,85604.9683,1303.0301,0.98477857,0.01522143,15.9107
69,M,84301.9382,1432.6696,0.98300550,0.01699450,15.1489
70,M,82869.2685,1573.6986,0.98100986,0.01899014,14.4021
71,M,81295.5699,1726.4617,0.97876315,0.02123685,13.6712
72,M,79569.1082,1891.0981,0.97623326,0.02376674,12.9570
73,M,77678.0101,2067.4675,0.97338413,0.02661587,12.2603
74,M,75610.5426,2255.0623,0.97017529,0.02982471,11.5818
75,M,73355.4804,2452.9046,0.96656140,0.03343860,10.9225
76,M,70902.5758,2659.4308,0.96249176,0.03750824,10.2831
77,M,68243.1449,2872.3664,0.95790982,0.04209018,9.6643
78,M,65370.7785,3088.5965,0.95275264,0.04724736,9.0670
79,M,62282.1820,3304.0435,0.94695042,0.05304958,8.4919
80,M,58978.1385,3513.5652,0.94042597,0.05957403,7.9396
81,M,55464.5733,3710.8949,0.93309432,0.06690568,7.4109
82,M,51753.6784,3888.6502,0.92486234,0.07513766,6.9064
83,M,47865.0282,4038.4421,0.91562854,0.08437146,6.4269
84,M,43826.5861,4151.1206,0.90528305,0.09471695,5.9730
85,M,39675.4655,4217.1921,0.89370781,0.10629219,5.5456
86,M,35458.2734,4227.4352,0.88077718,0.11922282,5.1457
87,M,31230.8382,4173.7219,0.86635895,0.13364105,4.7746
88,M,27057.1163,4050.0186,0.85031596,0.14968404,4.4339
89,M,23007.0977,3853.4953,0.83250841,0.16749159,4.1264
90,M,19153.6024,3585.6044,0.81279739,0.18720261,3.8560
91,M,15567.9980,3242.9124,0.79169368,0.20830632,3.6290
92,M,12325.0856,2807.1885,0.77223781,0.22776219,3.4523
93,M,9517.8971,2309.7986,0.75732049,0.24267951,3.3230
94,M,7208.0985,1823.7846,0.74698117,0.25301883,3.2276
95,M,5384.3139,1396.9397,0.74055382,0.25944618,3.1515
96,M,3987.3742,1048.2813,0.73709983,0.26290017,3.0805
97,M,2939.0929,777.3120,0.73552657,0.26447343,3.0008
98,M,2161.7809,573.5744,0.73467506,0.26532494,2.9001
99,M,1588.2065,423.4727,0.73336420,0.26663580,2.7669
100,M,1164.7338,314.0216,0.73039196,0.26960804,2.5910
101,M,850.7122,234.3764,0.72449389,0.27550611,2.3629
102,M,616.3358,176.1133,0.71425760,0.28574240,2.0713
103,M,440.2225,132.9518,0.69798951,0.30201049,1.6999
104,M,307.2707,86.3094,0.71910967,0.28089033,1.2191
105,M,220.9613,220.9613,0.89610116,0.10389884,0.5000
0,F,100000.0000,304.0202,0.99695980,0.00304020,83.4378
1,F,99695.9798,21.5192,0.99978415,0.00021585,82.6907
2,F,99674.4606,6.6616,0.99993317,0.00006683,81.7085
3,F,99667.7989,5.2220,0.99994761,0.00005239,80.7139
4,F,99662.5769,6.4034,0.99993575,0.00006425,79.7181
5,F,99656.1735,7.5868,0.99992387,0.00007613,78.7232
6,F,99648.5867,6.4296,0.99993548,0.00006452,77.7291
7,F,99642.1571,5.2817,0.99994699,0.00005301,76.7341
8,F,99636.8754,4.6201,0.99995363,0.00004637,75.7382
9,F,99632.2554,4.2902,0.99995694,0.00004306,74.7416
10,F,99627.9651,4.2164,0.99995768,0.00004232,73.7448
11,F,99623.7488,4.3721,0.99995611,0.00004389,72.7479
12,F,99619.3766,4.7688,0.99995213,0.00004787,71.7511
13,F,99614.6078,5.4546,0.99994524,0.00005476,70.7545
14,F,99609.1531,6.5225,0.99993452,0.00006548,69.7584
15,F,99602.6306,8.1290,0.99991839,0.00008161,68.7629
16,F,99594.5016,10.5267,0.99989430,0.00010570,67.7685
17,F,99583.9749,14.1205,0.99985821,0.00014179,66.7756
18,F,99569.8544,18.7710,0.99981148,0.00018852,65.7850
19,F,99551.0834,20.2859,0.99979623,0.00020377,64.7973
20,F,99530.7976,17.4361,0.99982482,0.00017518,63.8104
21,F,99513.3614,15.2610,0.99984664,0.00015336,62.8215
22,F,99498.1005,15.0958,0.99984828,0.00015172,61.8311
23,F,99483.0047,16.2178,0.99983698,0.00016302,60.8404
24,F,99466.7869,18.0933,0.99981810,0.00018190,59.8502
25,F,99448.6936,20.1604,0.99979728,0.00020272,58.8610
26,F,99428.5331,22.2422,0.99977630,0.00022370,57.8728
27,F,99406.2909,24.3257,0.99975529,0.00024471,56.8857
28,F,99381.9652,26.4047,0.99973431,0.00026569,55.8995
29,F,99355.5605,28.4800,0.99971335,0.00028665,54.9142
30,F,99327.0805,30.5605,0.99969232,0.00030768,53.9298
31,F,99296.5200,32.6631,0.99967105,0.00032895,52.9462
32,F,99263.8569,34.8136,0.99964928,0.00035072,51.9635
33,F,99229.0433,37.0468,0.99962665,0.00037335,50.9816
34,F,99191.9965,39.4074,0.99960272,0.00039728,50.0004
35,F,99152.5891,41.9516,0.99957690,0.00042310,49.0201
36,F,99110.6375,44.7483,0.99954850,0.00045150,48.0406
37,F,99065.8892,47.8827,0.99951666,0.00048334,47.0621
38,F,99018.0065,51.4599,0.99948030,0.00051970,46.0846
39,F,98966.5467,55.6099,0.99943809,0.00056191,45.1083
40,F,98910.9367,60.4497,0.99938885,0.00061115,44.1334
41,F,98850.4870,66.0593,0.99933173,0.00066827,43.1601
42,F,98784.4277,72.5246,0.99926583,0.00073417,42.1886
43,F,98711.9031,79.9395,0.99919017,0.00080983,41.2192
44,F,98631.9637,88.4044,0.99910369,0.00089631,40.2522
45,F,98543.5592,98.0247,0.99900527,0.00099473,39.2879
46,F,98445.5345,108.9074,0.99889373,0.00110627,38.3265
47,F,98336.6272,121.1574,0.99876793,0.00123207,37.3684
48,F,98215.4697,134.8729,0.99862677,0.00137323,36.4139
49,F,98080.5969,150.1380,0.99846924,0.00153076,35.4633
50,F,97930.4588,167.0160,0.99829455,0.00170545,34.5169
51,F,97763.4428,185.5393,0.99810216,0.00189784,33.5750
52,F,97577.9036,205.6995,0.99789195,0.00210805,32.6379
53,F,97372.2040,227.4609,0.99766401,0.00233599,31.7058
54,F,97144.7431,250.8883,0.99741738,0.00258262,30.7788
55,F,96893.8548,276.1039,0.99715045,0.00284955,29.8572
56,F,96617.7509,303.2497,0.99686135,0.00313865,28.9411
57,F,96314.5012,332.4915,0.99654786,0.00345214,28.0307
58,F,95982.0097,364.0227,0.99620739,0.00379261,27.1261
59,F,95617.9870,398.0691,0.99583688,0.00416312,26.2274
60,F,95219.9179,434.8938,0.99543274,0.00456726,25.3350
61,F,94785.0240,474.8034,0.99499073,0.00500927,24.4489
62,F,94310.2207,518.1544,0.99450585,0.00549415,23.5695
63,F,93792.0662,565.3613,0.99397218,0.00602782,22.6969
64,F,93226.7049,616.9049,0.99338275,0.00661725,21.8316
65,F,92609.8000,673.3424,0.99272925,0.00727075,20.9737
66,F,91936.4576,735.3189,0.99200188,0.00799812,20.1236
67,F,91201.1388,803.5801,0.99118893,0.00881107,19.2818
68,F,90397.5587,878.9865,0.99027643,0.00972357,18.4488
69,F,89518.5722,962.5296,0.98924771,0.01075229,17.6250
70,F,88556.0426,1055.3479,0.98808271,0.01191729,16.8112
71,F,87500.6947,1158.7456,0.98675730,0.01324270,16.0079
72,F,86341.9491,1274.2086,0.98524230,0.01475770,15.2160
73,F,85067.7405,1403.4199,0.98350233,0.01649767,14.4364
74,F,83664.3205,1548.2687,0.98149428,0.01850572,13.6702
75,F,82116.0519,1710.8494,0.97916547,0.02083453,12.9185
76,F,80405.2025,1893.3920,0.97645187,0.02354813,12.1828
77,F,78511.8105,2097.3062,0.97328674,0.02671326,11.4645
78,F,76414.5042,2322.8063,0.96960255,0.03039745,10.7654
79,F,74091.6980,2569.1687,0.96532447,0.03467553,10.0873
80,F,71522.5292,2834.3994,0.96037054,0.03962946,9.4317
81,F,68688.1298,3114.8410,0.95465241,0.04534759,8.8002
82,F,65573.2888,3404.7707,0.94807687,0.05192313,8.1945
83,F,62168.5181,3696.0432,0.94054799,0.05945201,7.6159
84,F,58472.4749,3977.8612,0.93197036,0.06802964,7.0657
85,F,54494.6137,4236.7800,0.92225323,0.07774677,6.5450
86,F,50257.8337,4457.0739,0.91131584,0.08868416,6.0545
87,F,45800.7598,4621.5810,0.89909379,0.10090621,5.5951
88,F,41179.1789,4713.1042,0.88554643,0.11445357,5.1669
89,F,36466.0747,4716.3482,0.87066477,0.12933523,4.7701
90,F,31749.7265,4620.2282,0.85447975,0.14552025,4.4044
91,F,27129.4983,4420.2115,0.83706992,0.16293008,4.0693
92,F,22709.2868,4120.1908,0.81856802,0.18143198,3.7641
93,F,18589.0960,3733.3315,0.79916552,0.20083448,3.4876
94,F,14855.7645,3281.4274,0.77911420,0.22088580,3.2383
95,F,11574.3371,2792.6055,0.75872437,0.24127563,3.0147
96,F,8781.7316,2297.6611,0.73835899,0.26164101,2.8144
97,F,6484.0705,1825.7584,0.71842404,0.28157596,2.6345
98,F,4658.3121,1400.4972,0.69935523,0.30064477,2.4710
99,F,3257.8150,1037.2804,0.68160241,0.31839759,2.3184
100,F,2220.5345,742.5188,0.66561257,0.33438743,2.1678
101,F,1478.0157,514.6253,0.65181334,0.34818666,2.0057
102,F,963.3904,346.2441,0.64059835,0.35940165,1.8099
103,F,617.1463,226.9151,0.63231558,0.36768442,1.5449
104,F,390.2312,135.6170,0.65247013,0.34752987,1.1525
105,F,254.6142,254.6142,0.78955009,0.21044991,0.5000
