# title: Section 34 market value adjustment factors, month-end
# source: Society of Actuaries in Ireland, MVA page, https://web.actuaries.ie/public/standards-regulation/mva
# raw_file: data/market/raw/sai_mva.html
# effective_date: each row: month-end calculation date; a calculation with effective date D uses the row for the last working day of the month before D (Section 34 guidance v02 para 4.1)
# retrieved: 2026-09-27
# notes: oat_nominal = France OAT 5.75% 25 Oct 2032 yield (%), oat_real = OAT€i 3.15% 25 Jul 2032 yield (%); mva1 fixed benefits, mva2 index-linked; rows before Jan 2017 are under Section 34 version 01
date,oat_nominal_pct,mva1,oat_real_pct,mva2
2014-05-31,2.461,1.248,0.667,1.240
2014-06-30,2.328,1.284,0.599,1.281
2014-07-31,2.137,1.284,0.372,1.324
2014-08-31,1.855,1.360,0.166,1.324
2014-09-30,1.933,1.321,0.282,1.324
2014-10-31,1.83,1.36,0.29,1.324
2014-11-30,1.602,1.400,0.187,1.324
2014-12-31,1.472,1.400,0.167,1.324
2015-01-31,0.99,1.485,-0.27,1.413
2015-02-28,1.03,1.485,-0.39,1.461
2015-03-31,0.79,1.53,-0.67,1.51
2015-04-30,0.978,1.485,-0.638,1.51
2015-05-31,1.22,1.442,-0.29,1.413
2015-06-30,1.74,1.360,0.07,1.368
2015-07-31,1.44,1.40,-0.14,1.413
2015-08-31,1.70,1.360,0.17,1.324
2015-09-30,1.49,1.400,0.13,1.324
2015-10-31,1.35,1.442,-0.16,1.413
2015-11-30,1.34,1.442,-0.26,1.413
2015-12-31,1.56,1.400,0.18,1.324
2016-01-31,1.20,1.442,-0.06,1.368
2016-02-29,1.00,1.485,-0.02,1.368
2016-03-31,0.91,1.485,-0.31,1.413
2016-04-30,1.114,1.485,-0.228,1.413
2016-05-31,0.907,1.485,-0.326,1.413
2016-06-30,0.47,1.577,-0.63,1.510
2016-07-31,0.39,1.577,-0.76,1.510
2016-08-31,0.53,1.577,-0.57,1.461
2016-09-30,0.48,1.577,-0.72,1.510
2016-10-31,0.77,1.530,-0.54,1.461
2016-11-30,1.10,1.485,-0.29,1.413
2016-12-31,1.05,1.451,-0.49,1.501
2017-01-31,1.44,1.367,-0.20,1.453
2017-02-28,1.29,1.408,-0.22,1.453
2017-03-31,1.39,1.367,-0.10,1.406
2017-04-30,1.20,1.408,-0.29,1.453
2017-05-31,1.11,1.451,-0.28,1.453
2017-06-30,1.17,1.408,-0.23,1.453
2017-07-31,1.17,1.408,-0.29,1.453
2017-08-31,1.06,1.451,-0.39,1.501
2017-09-30,1.15,1.408,-0.39,1.501
2017-10-31,1.04,1.451,-0.51,1.501
2017-11-30,0.94,1.451,-0.59,1.501
2017-12-31,1.04,1.451,-0.55,1.501
2018-01-31,1.17,1.408,-0.40,1.501
2018-02-28,1.14,1.408,-0.40,1.501
2018-03-31,0.94,1.451,-0.60,1.501
2018-04-30,1.02,1.451,-0.56,1.501
2018-05-31,0.94,1.451,-0.63,1.551
2018-06-30,0.87,1.495,-0.70,1.551
2018-07-31,0.94,1.451,-0.61,1.501
2018-08-31,0.91,1.451,-0.63,1.551
2018-09-30,1.01,1.451,-0.54,1.501
2018-10-31,0.97,1.451,-0.54,1.501
2018-11-30,0.93,1.451,-0.46,1.501
2018-12-31,0.96,1.451,-0.30,1.453
2019-01-31,0.81,1.495,-0.43,1.501
2019-02-28,0.84,1.495,-0.39,1.501
2019-03-31,0.53,1.541,-0.70,1.551
2019-04-30,0.59,1.541,-0.70,1.551
2019-05-31,0.43,1.541,-0.67,1.551
2019-06-30,0.19,1.588,-0.79,1.551
2019-07-31,0.003,1.638,-1.114,1.604
2019-08-30,-0.25,1.689,-1.22,1.658
2019-09-30,-0.13,1.689,-1.12,1.604
2019-10-31,0.02,1.638,-1.03,1.604
2019-11-30,0.06,1.638,-1.01,1.604
2019-12-31,0.24,1.588,-0.92,1.604
2020-01-31,-0.05,1.638,-1.19,1.658
2020-02-29,-0.189,1.689,-1.15,1.658
2020-03-31,0.14,1.588,-0.51,1.501
2020-04-30,0.03,1.638,-0.66,1.551
2020-05-31,0.062,1.638,-0.653,1.551
2020-06-30,-0.05,1.638,-0.87,1.551
2020-07-31,-0.13,1.689,-1.08,1.604
2020-08-31,-0.04,1.638,-1.02,1.604
2020-09-30,-0.20,1.689,-1.05,1.604
2020-10-31,-0.29,1.689,-1.17,1.658
2020-11-30,-0.28,1.689,-1.33,1.658
2020-12-31,-0.29,1.689,-1.37,1.658
2021-01-31,-0.23,1.689,-1.44,1.714
2021-02-28,0.04,1.638,-1.18,1.658
2021-03-31,0.03,1.638,-1.43,1.714
2021-04-30,0.14,1.588,-1.33,1.658
2021-05-31,0.16,1.588,-1.35,1.658
2021-06-30,0.11,1.638,-1.33,1.658
2021-07-31,-0.11,1.638,-1.63,1.773
2021-08-31,-0.03,1.638,-1.58,1.714
2021-09-30,0.14,1.588,-1.60,1.714
2021-10-31,0.24,1.588,-1.58,1.714
2021-11-30,-0.022,1.638,-1.75,1.773
2021-12-31,0.17,1.588,-1.65,1.773
2022-01-31,0.33,1.588,-1.54,1.714
2022-02-28,0.520,1.541,-1.537,1.714
2022-03-31,0.922,1.451,-1.661,1.773
2022-04-30,1.41,1.367,-1.57,1.714
2022-05-31,1.60,1.367,-0.89,1.604
2022-06-30,1.89,1.289,-0.34,1.453
2022-07-31,1.29,1.408,-1.09,1.604
2022-08-31,2.06,1.289,-0.44,1.501
2022-09-30,2.70,1.182,0.40,1.319
2022-10-31,2.66,1.182,0.13,1.362
2022-11-30,2.35,1.252,-0.16,1.453
2022-12-31,3.09,1.149,0.73,1.277
2023-01-31,2.71,1.182,0.43,1.319
2023-02-28,3.08,1.149,0.39,1.319
2023-03-31,2.76,1.182,0.22,1.362
2023-04-30,2.81,1.182,0.31,1.362
2023-05-31,2.78,1.182,0.31,1.362
2023-06-30,2.89,1.149,0.47,1.319
2023-07-31,2.97,1.149,0.44,1.319
2023-08-31,2.93,1.149,0.45,1.319
2023-09-30,3.35,1.117,0.84,1.277
2023-10-31,3.32,1.117,0.88,1.237
2023-11-30,2.93,1.149,0.70,1.277
2023-12-31,2.47,1.217,0.36,1.362
2024-01-31,2.59,1.217,0.46,1.319
2024-02-29,2.84,1.182,0.59,1.319
2024-03-31,2.76,1.182,0.46,1.319
2024-04-30,3.01,1.149,0.63,1.277
2024-05-31,3.09,1.149,0.82,1.277
2024-06-30,3.18,1.117,1.01,1.237
2024-07-31,2.87,1.182,0.80,1.277
2024-08-31,2.86,1.182,0.90,1.237
2024-09-30,2.73,1.182,0.75,1.277
2024-10-31,2.95,1.149,0.93,1.237
2024-11-30,2.70,1.182,0.71,1.277
2024-12-31,2.97,1.149,1.00,1.237
2025-01-31,2.97,1.149,0.84,1.277
2025-02-28,2.85,1.182,0.85,1.277
2025-03-31,3.10,1.149,0.93,1.237
2025-04-30,2.79,1.182,0.83,1.277
2025-05-31,2.79,1.182,0.88,1.237
2025-06-30,2.91,1.149,0.97,1.237
2025-07-31,2.99,1.149,0.99,1.237
2025-08-31,3.09,1.149,1.15,1.198
2025-09-30,3.07,1.149,1.12,1.237
2025-10-31,2.96,1.149,1.03,1.237
2025-11-30,2.96,1.149,1.03,1.237
2025-12-31,3.09,1.149,1.20,1.198
2026-01-31,2.95,1.149,0.89,1.237
2026-02-28,2.75,1.182,0.78,1.277
2026-03-31,3.33,1.117,0.84,1.277
2026-04-30,3.29,1.117,0.74,1.277
2026-05-31,3.14,1.117,0.90,1.237
2026-06-30,3.14,1.117,1.14,1.198
2026-07-31,3.48,1.086,1.26,1.198
2026-08-31,3.64,1.057,1.30,1.198
